lead_id,campaign_id,company_name,domain,website,country,city,address,industry,company_description,company_type,buyer_fit_score,buyer_fit_reason,company_quality_score,buying_signal_score,total_score,score_reason,contact_name,contact_role,contact_email,email_status,phone,linkedin_or_public_profile_url,pain_signal,buying_signal,personalization_hook,source,source_url,scraped_at,outreach_ready,sequence_status,email_1_sent_at,followup_1_at,followup_2_at,reply_status
lead_8b1e999b99c2,retail-isb-001,RBS Interiors,rbsinteriors.com,https://rbsinteriors.com/,Pakistan,Islamabad,"Malik Plaza, Main Golra Rd, near Railway Road, opposite CMT, H-13",overture=furniture_store,Explore top-quality Office furniture including office chairs bedroom furniture & Restaurant Furniture custom kitchen & door designs in Pakistan.,BUYER,65,"discovery category 'overture=furniture_store' matches campaign target; buyer terms in company identity: furniture; buyer terms in page text: store, brand, shop, online store, e-commerce",15,8,97,"in target country (Pakistan); in target city (Islamabad); 4 ICP term(s) matched: furniture, store, brand, shop; decision-maker found: Mark Jance (CEO / FOUNDER); mobile number published (owner-level contact); ecommerce platform detected: woocommerce; young domain (0.9 y): new or recently relaunched business; buying signals: ecommerce_active; pain signals: customer_service_load",Mark Jance,CEO / FOUNDER,rbsinteriorsofficial@gmail.com,mx_valid,+923099777970,,customer_service_load: whatsapp us,"ecommerce_active: add to cart, shop now",based in Islamabad; sells online; runs on woocommerce; takes orders over WhatsApp/DM; recently launched online,overture,https://explore.overturemaps.org/#97b7acdd-417b-44d1-8b3e-43c0cf3b7b4c,2026-09-25T15:02:54+00:00,true,queued,,,,
lead_27b0dc3edc73,retail-isb-001,Ittefaq Electronics,ittefaqsay.com,https://ittefaqsay.com/,Pakistan,Islamabad,,overture=electronics_store,Haier HWM 85-826 Grey 8.5 Kg Fully Automatic Washing Machine · Haier HWM 85-826 E Fully Automatic Washing Machine 8.5 Kg · Dawlance DWSM 2971 B Sandwich Maker.,BUYER,65,"discovery category 'overture=electronics_store' matches campaign target; buyer terms in company identity: electronics; buyer terms in page text: retail, store, brand, shop, online store",15,10,92,"in target country (Pakistan); in target city (Islamabad); 4 ICP term(s) matched: electronics, retail, store, brand; only a generic business mailbox is public; mobile number published (owner-level contact); ecommerce platform detected: woocommerce; intent: rfq – …cart Compare Quick view Add to wishlist Haier HSU; buying signals: hiring, ecommerce_active, operations_scale, intent",,,sales@ittefaqsay.com,generic,03099991959,,,"hiring: careers; ecommerce_active: add to cart, shop now; operations_scale: branches, outlets; intent: rfq: …cart Compare Quick view Add to wishlist Haier HSU-19RFP 1.5",based in Islamabad; sells online; operates multiple branches/outlets; currently hiring; runs on woocommerce; has a live request for quotations,overture,https://explore.overturemaps.org/#a2101bd0-f231-4d3c-9a64-de0cdbd3044a,2026-09-25T14:57:52+00:00,true,queued,,,,
lead_6788f9a32e8e,retail-isb-001,Rakht Clothing Store,rakht.com.pk,https://rakht.com.pk/,Pakistan,Islamabad,,overture=fashion_and_apparel_store,"Rakht offers premium unstitched Lawn Dresses, Linen, Marina & Chikan Kari women’s fabric in Pakistan. Shop elegant Pakistani women clothing with latest designs & quality fabric.",BUYER,62,"discovery category 'overture=fashion_and_apparel_store' matches campaign target; buyer terms in company identity: store, shop, clothing; buyer terms in page text: brand, fashion; buyer evidence outweighs weaker vendor mentions",15,7,92,"in target country (Pakistan); in target city (Islamabad); 4 ICP term(s) matched: store, shop, clothing, brand; minor vendor mentions present: our clients; decision-maker found: NOOR HABIB (CEO); only a generic business mailbox is public; mobile number published (owner-level contact); ecommerce platform detected: shopify; buying signals: ecommerce_active, operations_scale",NOOR HABIB,CEO,info@rakht.com.pk,generic,0300 1172548,,,"ecommerce_active: add to cart, shop now; operations_scale: nationwide, warehouse",based in Islamabad; sells online; operates multiple branches/outlets; runs on shopify,overture,https://explore.overturemaps.org/#e219d946-042e-4dc2-991b-a072774cf8b8,2026-09-25T15:01:51+00:00,true,queued,,,,
lead_fa56efff8a69,retail-isb-001,Heart Beat Lawrencepur (Suiting & Fabric's),lawrencepur.com,https://lawrencepur.com/,Pakistan,Islamabad,Shop no 1/c Barkat plaza bank road Saddar Rawalpindi Bank Road Saddar,overture=clothing_store,"Shop men&#39;s formal suits, Shalwar Kameez and premium fabrics from Lawrencepur. Discover refined menswear and luxury tailoring for every occasion.",BUYER,65,"discovery category 'overture=clothing_store' matches campaign target; buyer terms in company identity: brand, shop, clothing; buyer terms in page text: retail, store, online store",15,7,91,"in target country (Pakistan); in target city (Islamabad); 4 ICP term(s) matched: brand, shop, clothing, retail; only a generic business mailbox is public; mobile number published (owner-level contact); ecommerce platform detected: shopify; buying signals: ecommerce_active, operations_scale",,,customercare@lawrencepur.com,generic,0309-2220061,https://linkedin.com/company/lawrencepurofficial,,"ecommerce_active: shop now, checkout; operations_scale: across pakistan",based in Islamabad; sells online; operates multiple branches/outlets; runs on shopify,overture,https://explore.overturemaps.org/#81c7445a-54f2-465d-90db-2caec08dc2f2,2026-09-25T14:59:12+00:00,true,queued,,,,
lead_3d4c10363ab1,retail-isb-001,Imtiaz Mega - Gulberg Greens - Islamabad,imtiaz.com.pk,https://imtiaz.com.pk/,Pakistan,Islamabad,"Round About, Islamabad Expy",overture=department_store,"We offer a convenient shopping experience, allowing you to buy everything under one roof, from everyday essentials to countless more products at the best prices in town.",BUYER,65,"discovery category 'overture=department_store' matches campaign target; buyer terms in company identity: retail, shop; buyer terms in page text: store, electronics, grocery",15,7,91,"in target country (Pakistan); in target city (Islamabad); 4 ICP term(s) matched: retail, shop, store, electronics; only a generic business mailbox is public; ecommerce platform detected: woocommerce; buying signals: hiring, operations_scale",,,hello@imtiaz.com.pk,generic,+9221111468429,https://www.linkedin.com/company/imtiazstores,,hiring: careers; operations_scale: branches,based in Islamabad; operates multiple branches/outlets; currently hiring; runs on woocommerce,overture,https://explore.overturemaps.org/#8891a239-af15-485b-a9e4-ad5d6fa74b6c,2026-09-25T15:00:34+00:00,true,queued,,,,
lead_9b4340061fc8,retail-isb-001,Al-Noor Bazaar,alnoorbazaar.com,https://alnoorbazaar.com/,Pakistan,Islamabad,"Al Noor Traders, near Amar Pak, Murree Road",overture=furniture_store,"Discover quality furniture for your home, office, school at Al-Noor Bazaar. Budget-friendly prices, bulk deals and delivery across Pakistan with easy payment options",BUYER,65,"discovery category 'overture=furniture_store' matches campaign target; buyer terms in company identity: store, shop, furniture; buyer terms in page text: brand, outlet",15,8,90,"in target country (Pakistan); in target city (Islamabad); 4 ICP term(s) matched: store, shop, furniture, brand; only a generic business mailbox is public; mobile number published (owner-level contact); ecommerce platform detected: woocommerce; buying signals: ecommerce_active, operations_scale; pain signals: customer_service_load",,,info@alnoorbazaar.com,generic,+92 3125171827,,customer_service_load: whatsapp us,"ecommerce_active: add to cart, checkout; operations_scale: across pakistan",based in Islamabad; sells online; operates multiple branches/outlets; runs on woocommerce; takes orders over WhatsApp/DM,overture,https://explore.overturemaps.org/#bf0c427b-d71e-4d95-956c-d510226f6bfc,2026-09-25T15:01:41+00:00,true,queued,,,,
lead_2e11e6d32f8c,retail-isb-001,Joycelyn Fashion,joycelynfashion.com,https://joycelynfashion.com/,Pakistan,Islamabad,"Joycelyn Fashion Vista Center, Ground Floor. I-8 Markaz, Islamabad, Pakistan",overture=clothing_store,"Winter Collection Discover our New Winter Collection, crafted to keep you warm in style. Soft textures, cozy layers, and elegant designs come…",BUYER,65,"discovery category 'overture=clothing_store' matches campaign target; buyer terms in company identity: shop, clothing, fashion; buyer terms in page text: store, brand, boutique",15,8,90,"in target country (Pakistan); in target city (Islamabad); 4 ICP term(s) matched: shop, clothing, fashion, store; only a generic business mailbox is public; mobile number published (owner-level contact); ecommerce platform detected: woocommerce; buying signals: ecommerce_active, operations_scale; pain signals: customer_service_load",,,care@joycelynfashion.com,generic,+92 300 000 0000,,customer_service_load: whatsapp us,"ecommerce_active: shop now, checkout; operations_scale: nationwide, across pakistan",based in Islamabad; sells online; operates multiple branches/outlets; runs on woocommerce; takes orders over WhatsApp/DM,overture,https://explore.overturemaps.org/#e5582a38-bb93-4149-925d-608153979577,2026-09-25T15:06:37+00:00,true,not_queued,,,,
lead_c3f54c064ece,retail-isb-001,Umar Electronics,umarelectronics.pk,https://umarelectronics.pk/,Pakistan,Islamabad,Murree Rd,overture=electronics_store,"Umarelectronics is a leading online electronics shop offering a diverse range of original products in twin cities, Rawalpindi and Islamabad.",BUYER,62,"discovery category 'overture=electronics_store' matches campaign target; buyer terms in company identity: store, shop, electronics; buyer terms in page text: retail, brand, showroom, clothing; buyer evidence outweighs weaker vendor mentions",15,10,89,"in target country (Pakistan); in target city (Islamabad); 4 ICP term(s) matched: store, shop, electronics, retail; minor vendor mentions present: portfolio; only a generic business mailbox is public; mobile number published (owner-level contact); ecommerce platform detected: woocommerce; buying signals: expansion, ecommerce_active, operations_scale; pain signals: customer_service_load",,,info@umarelectronics.pk,generic,0311-7862200,,customer_service_load: whatsapp us,expansion: expanding; ecommerce_active: add to cart; operations_scale: across pakistan,based in Islamabad; sells online; operates multiple branches/outlets; recently expanding; runs on woocommerce; takes orders over WhatsApp/DM,overture,https://explore.overturemaps.org/#0855bf71-731c-4e54-86eb-615b305bd5af,2026-09-25T15:01:09+00:00,true,queued,,,,
lead_e965e753c8fa,retail-isb-001,Kiddo Furniture Showroom,kiddo.pk,https://kiddo.pk/,Pakistan,Islamabad,kiddo kids furniture lucky plaza service road sohan stop faizabad expresway ,overture=furniture_store,"Shop premium kids wear in Pakistan at Kiddo. Buy stylish, comfortable, and high-quality clothing for kids, designed with love for everyday wear, special occasions, and modern little trends.",BUYER,65,"discovery category 'overture=furniture_store' matches campaign target; buyer terms in company identity: retail, shop, showroom, clothing, furniture; buyer terms in page text: brand, fashion",15,7,89,"in target country (Pakistan); in target city (Islamabad); 4 ICP term(s) matched: retail, shop, showroom, clothing; only a generic business mailbox is public; mobile number published (owner-level contact); ecommerce platform detected: shopify; buying signals: ecommerce_active, operations_scale",,,sales@kiddo.pk,generic,0311-1101539,,,"ecommerce_active: add to cart, checkout; operations_scale: nationwide, across pakistan",based in Islamabad; sells online; operates multiple branches/outlets; runs on shopify,overture,https://explore.overturemaps.org/#bd1bc7ad-5681-48b1-b226-0d0260ae46d4,2026-09-25T15:05:36+00:00,true,not_queued,,,,
lead_e853f09deb39,retail-isb-001,Lahore Cloth Depot,lahorecloth.com,https://lahorecloth.com/,Pakistan,Islamabad,Asghar Mall Rd,overture=clothing_store,"Buy original branded lawn suits, branded wedding dresses, casual and festive suits. Pakistani latest branded collections Maria B suits, Elan suits, Charizma suits, Zara Shahjahan suits, Zellbury suits, Limeligh suits and many other famous brands collections.",BUYER,65,"discovery category 'overture=clothing_store' matches campaign target; buyer terms in company identity: shop, fashion; buyer terms in page text: store, clothing",15,4,88,"in target country (Pakistan); in target city (Islamabad); 4 ICP term(s) matched: shop, fashion, store, clothing; mobile number published (owner-level contact); ecommerce platform detected: shopify; buying signals: ecommerce_active",,,%20lahoreclothdepotofficial@gmail.com,mx_valid,+92 318 966 6345,,,"ecommerce_active: add to cart, free shipping",based in Islamabad; sells online; runs on shopify,overture,https://explore.overturemaps.org/#e08108c3-8da8-4603-ae6c-8153a56ad43e,2026-09-25T15:01:15+00:00,true,queued,,,,
lead_97c098c69171,retail-isb-001,Timbera,timbera.pk,https://timbera.pk/,Pakistan,Islamabad,"Office # 13, 2nd Floor, Rehmat Centre I-8 Markaz, Islamabad",overture=furniture_store,"What are you looking for? Clear Free Shipping for our members Home Shop About Us FAQ Contacts +92 315 958 1111 [email protected] Office 13, 2nd Floor, Rehmat Centre I-8 Markaz, Islamabad [lang-demo] Best special offers! 40% Off! +92 315 958 1111 [email protected] Home Shop About Us FAQ Contacts Offi",BUYER,65,"discovery category 'overture=furniture_store' matches campaign target; buyer terms in company identity: shop, furniture; buyer terms in page text: brand, fashion",15,4,88,"in target country (Pakistan); in target city (Islamabad); 4 ICP term(s) matched: shop, furniture, brand, fashion; mobile number published (owner-level contact); ecommerce platform detected: woocommerce; buying signals: ecommerce_active",,,woodvogue.pk@gmail.com,mx_valid,+92 315 958 1111,,,"ecommerce_active: add to cart, shop now",based in Islamabad; sells online; runs on woocommerce,overture,https://explore.overturemaps.org/#446b9264-c406-4a46-acb9-bb4862256dab,2026-09-25T15:06:09+00:00,true,not_queued,,,,
lead_27c8183ba7f5,retail-isb-001,Glow Interiors,glowinteriors.design,https://www.glowinteriors.design/,Pakistan,Islamabad,"Ground Floor, Plaza, 45 Golra Rd",overture=furniture_store,"Luxury interior design, architecture, construction, furniture",BUYER,62,"discovery category 'overture=furniture_store' matches campaign target; vendor terms in company identity: consultancy; buyer terms in company identity: furniture; buyer terms in page text: brand, outlet, showroom; buyer evidence outweighs weaker vendor mentions",15,2,87,"in target country (Pakistan); in target city (Islamabad); 4 ICP term(s) matched: furniture, brand, outlet, showroom; minor vendor mentions present: get a quote; decision-maker found: Ismael Khattak (Former Chief Executive Officer); only a generic business mailbox is public; mobile number published (owner-level contact); buying signals: operations_scale",Ismael Khattak,Former Chief Executive Officer,info@glowinteriors.design,generic,03173331290,,,operations_scale: across pakistan,based in Islamabad; operates multiple branches/outlets,overture,https://explore.overturemaps.org/#9dae6f81-a85b-4c18-bd6f-32ef735d33d4,2026-09-25T15:02:40+00:00,true,queued,,,,
lead_48c70890d4b9,retail-isb-001,Image,image1993.com,https://pk.image1993.com/,Pakistan,Islamabad,CB998 Bank Rd,overture=clothing_store,"Discover IMAGE 1993, a leading Pakistani clothing store. Timeless fashion, premium Ready to Wear designs, seasonal collections & SALE await.",BUYER,65,"discovery category 'overture=clothing_store' matches campaign target; buyer terms in company identity: store, online store, clothing, fashion; buyer terms in page text: brand",15,4,86,"in target country (Pakistan); in target city (Islamabad); 4 ICP term(s) matched: store, online store, clothing, fashion; only a generic business mailbox is public; mobile number published (owner-level contact); ecommerce platform detected: shopify; buying signals: ecommerce_active",,,customerservice@image1993.com,generic,+92-308-3082222,,,ecommerce_active: track your order,based in Islamabad; sells online; runs on shopify,overture,https://explore.overturemaps.org/#180227c3-f38c-4ba7-9a58-74bb82401c88,2026-09-25T14:59:06+00:00,true,queued,,,,
lead_05c72a2e6c13,retail-isb-001,The Branded Attire,thebrandedattire.com,https://thebrandedattire.com/,Pakistan,Islamabad,19,overture=womens_clothing_store,THE BRANDED ATTIRE is an authentic multi-brand clothing store where you can get dresses at huge discounts with a custom stitching facility.,BUYER,65,"discovery category 'overture=womens_clothing_store' matches campaign target; buyer terms in company identity: store, brand, shop, clothing; buyer terms in page text: fashion",15,4,86,"in target country (Pakistan); in target city (Islamabad); 4 ICP term(s) matched: store, brand, shop, clothing; only a generic business mailbox is public; mobile number published (owner-level contact); ecommerce platform detected: woocommerce; buying signals: ecommerce_active",,,info@thebrandedattire.com,generic,03345805155,,,ecommerce_active: free shipping,based in Islamabad; sells online; runs on woocommerce,overture,https://explore.overturemaps.org/#002cdd20-d32c-4f05-884f-ed5bdbf78c46,2026-09-25T15:05:00+00:00,true,not_queued,,,,
lead_f57993ad1d04,retail-isb-001,Renome Interiors,renome.pk,https://renome.pk/,Pakistan,Islamabad,"Plot#26 Sector I-11/3,Islamabad",overture=furniture_store,"Discover premium furniture designs in Pakistan with Renome Furniture. Shop stylish beds, sofas, office tables, and outdoor furniture at affordable prices.",BUYER,65,"discovery category 'overture=furniture_store' matches campaign target; buyer terms in company identity: store, shop, furniture; buyer terms in page text: retail, brand",15,4,86,"in target country (Pakistan); in target city (Islamabad); 4 ICP term(s) matched: store, shop, furniture, retail; only a generic business mailbox is public; mobile number published (owner-level contact); ecommerce platform detected: woocommerce; buying signals: ecommerce_active",,,info@renome.pk,generic,+92 317 3569944,,,"ecommerce_active: add to cart, shop now",based in Islamabad; sells online; runs on woocommerce,overture,https://explore.overturemaps.org/#a1130b44-6434-4db5-8791-b4b45fb109ae,2026-09-25T15:05:40+00:00,true,not_queued,,,,
lead_ae8a2c5cf667,retail-isb-001,Japan Electronics,japanelectronics.com.pk,https://japanelectronics.com.pk/,Pakistan,Islamabad,"Shop # 05, Al, Chandni Chowk Murree Rd",overture=electronics_store,"Japan Electronics | Find the Best Home Appliances like AC Inverters, Refrigerators, Geysers. Hoods and Hobs, Ovens, LED TV, Air Fryer, Washing Machine, Kitchen Appliances with best prices in Pakistan.",BUYER,62,"discovery category 'overture=electronics_store' matches campaign target; buyer terms in company identity: store, shop, electronics; buyer terms in page text: online store; buyer evidence outweighs weaker vendor mentions",15,4,85,"in target country (Pakistan); in target city (Islamabad); 4 ICP term(s) matched: store, shop, electronics, online store; minor vendor mentions present: trusted by; only a generic business mailbox is public; mobile number published (owner-level contact); ecommerce platform detected: shopify; buying signals: operations_scale",,,info@japanelectronics.pk,generic,+92 326 8397802,https://www.linkedin.com/company/japan-electronics,,"operations_scale: branches, nationwide",based in Islamabad; operates multiple branches/outlets; runs on shopify,overture+osm,https://explore.overturemaps.org/#38b7b8be-9dce-4d79-b7de-5d2a27936bc2,2026-09-25T15:00:30+00:00,true,queued,,,,
lead_c7060bb1b755,retail-isb-001,Get Smart Collection,getsmartcollection.com.pk,https://getsmartcollection.com.pk/,Pakistan,Islamabad,plot no 1 Block B pak PWD housing society main road opposite London park,overture=womens_clothing_store,Facebook Instagram Tumblr Summer Sale 2026 is live now! Summer Sale 2026 is live now! Summer Sale 2026 is live now! Summer Sale 2026 is live now! Summer Sale 2026 is live now! cart search help New Arrivals Shop Ready To Wear Groom’s Wear Waist Coat Safari Suits Suits Shalwar Kameez Kids Wear Fabric ,BUYER,62,"discovery category 'overture=womens_clothing_store' matches campaign target; vendor terms in company identity: it services; buyer terms in company identity: shop; buyer terms in page text: store, showroom, clothing, fashion; buyer evidence outweighs weaker vendor mentions",15,6,85,"in target country (Pakistan); in target city (Islamabad); 4 ICP term(s) matched: shop, store, showroom, clothing; minor vendor mentions present: our clients; only a generic business mailbox is public; mobile number published (owner-level contact); ecommerce platform detected: woocommerce; buying signals: ecommerce_active; pain signals: delivery_issues",,,info@getsmartcollection.com.pk,generic,+92 321 5329984,,delivery_issues: order tracking,"ecommerce_active: add to cart, shop now",based in Islamabad; sells online; runs on woocommerce,overture,https://explore.overturemaps.org/#7d4549fe-1987-4fc9-adc4-11b2e96ee869,2026-09-25T15:00:32+00:00,true,queued,,,,
lead_797e35a37dcb,retail-isb-001,ZIMAYA - Luxury Dyeables,zimaya.pk,http://zimaya.pk/,Pakistan,Islamabad,T-668 KIRAN BAZZAR,overture=clothing_store,"Shop premium fashion, clothing, and accessories at Zimaya. Discover the latest trends with fast delivery across Pakistan.",BUYER,65,"discovery category 'overture=clothing_store' matches campaign target; buyer terms in company identity: store, shop, e-commerce, clothing, fashion",13,5,85,"in target country (Pakistan); in target city (Islamabad); 4 ICP term(s) matched: store, shop, e-commerce, clothing; quality notes: no https; only a generic business mailbox is public; mobile number published (owner-level contact); buying signals: ecommerce_active, operations_scale",,,care@zimaya.pk,generic,+92 300 1234567,,,"ecommerce_active: cash on delivery; operations_scale: nationwide, across pakistan",based in Islamabad; sells online; operates multiple branches/outlets,overture,https://explore.overturemaps.org/#08f5e20c-c964-404f-ac42-95544d1eb936,2026-09-25T15:02:07+00:00,true,queued,,,,
lead_324b2dd3734a,retail-isb-001,Peshawari Chappal Pakistan,peshawarichappals.pk,https://www.peshawarichappals.pk/,Pakistan,Islamabad,Shop no. 3، Main Lari Adda، near Shireen Corner Sweets and Bakers,overture=shoe_store,"We have perfected the art of making Men’s Peshawari Chappal, Norozi and Kaptaan Chappals and Sandals of the best quality in the world. We promise to live upto your expectations.",BUYER,65,"discovery category 'overture=shoe_store' matches campaign target; buyer terms in company identity: shop; buyer terms in page text: store, brand, fashion",15,4,85,"in target country (Pakistan); in target city (Islamabad); 4 ICP term(s) matched: shop, store, brand, fashion; mobile number published (owner-level contact); ecommerce platform detected: shopify; buying signals: ecommerce_active",,,info@peshawarichappal.pk,invalid,+92 333 574 2086,,,"ecommerce_active: shop now, free shipping",based in Islamabad; sells online; runs on shopify,overture,https://explore.overturemaps.org/#a8d57eb9-4ee4-4a8e-a7e8-deca203c2092,2026-09-25T15:02:26+00:00,false,not_queued,,,,
lead_14f17b0297fc,retail-isb-001,METRO Islamabad Store,metro.pk,https://www.metro.pk/store-locator/islamabad?utm_source=bingmaps&utm_medium=organic&utm_content=website&utm_term=islamabad,Pakistan,Islamabad,"Plot 1-A, I-11/4, Laila Road, Adjacent Railway Carriage Factory",overture=grocery_store,METRO Cash&Carry Pakistan,BUYER,62,"discovery category 'overture=grocery_store' matches campaign target; buyer terms in company identity: store, shop; buyer terms in page text: brand, e-commerce; buyer evidence outweighs weaker vendor mentions",15,2,85,"in target country (Pakistan); in target city (Islamabad); 4 ICP term(s) matched: store, shop, brand, e-commerce; minor vendor mentions present: for your business; mobile number published (owner-level contact); buying signals: hiring",,,anjumhussain.shah@metro.pk,mx_valid,0324-5000972,https://www.linkedin.com/company/metro-pakistan-pvt-limited,,hiring: careers,based in Islamabad; currently hiring,overture,https://explore.overturemaps.org/#d07562e5-06ba-404b-a642-2f7e53279dd5,2026-09-25T15:03:30+00:00,true,queued,,,,
lead_04097391dbcd,retail-isb-001,Mocciani,mocciani.com.pk,https://mocciani.com.pk/,Pakistan,Islamabad,"Shop# 64/16 near Rania Mall،, Bank Rd",overture=shoe_store,"Mocciani is Pakistan’s premium shoe brand, striving to deliver the best quality and latest trends to the audience in stores and online. Our products include shoes, handbags and accessories for both men and women.",BUYER,60,"discovery category 'overture=shoe_store' matches campaign target; buyer terms in company identity: brand, shop; buyer terms in page text: store",15,7,84,"in target country (Pakistan); in target city (Islamabad); 3 ICP term(s) matched: brand, shop, store; only a generic business mailbox is public; mobile number published (owner-level contact); ecommerce platform detected: shopify; buying signals: ecommerce_active, operations_scale",,,customercare@mocciani.com.pk,generic,+92-345-111-11-27,,,ecommerce_active: checkout; operations_scale: nationwide,based in Islamabad; sells online; operates multiple branches/outlets; runs on shopify,overture,https://explore.overturemaps.org/#30ea9181-85a4-46eb-8910-52d60ac82627,2026-09-25T15:00:09+00:00,true,queued,,,,
lead_03614a3c7645,retail-isb-001,Shaukat Sons,shaukatsons.com,https://www.shaukatsons.com/,Pakistan,Islamabad,"Furniture Market Besides Friends Home and Inter-wood, 46 Golra Rd",overture=furniture_store,Premium furniture crafted for modern living spaces.,BUYER,57,"discovery category 'overture=furniture_store' matches campaign target; buyer terms in company identity: furniture; buyer terms in page text: brand, shop; buyer evidence outweighs weaker vendor mentions",15,8,84,"in target country (Pakistan); in target city (Islamabad); 3 ICP term(s) matched: furniture, brand, shop; minor vendor mentions present: get a quote; mobile number published (owner-level contact); young domain (0.1 y): new or recently relaunched business; buying signals: expansion, operations_scale; pain signals: customer_service_load",,,aqeel_shaukat@yahoo.com,mx_valid,+92 321 5154740,,customer_service_load: whatsapp us,"expansion: expanding; operations_scale: nationwide, across pakistan",based in Islamabad; operates multiple branches/outlets; recently expanding; takes orders over WhatsApp/DM; recently launched online,overture,https://explore.overturemaps.org/#273d8f6e-e793-4e47-9389-d00780689504,2026-09-25T15:02:34+00:00,true,queued,,,,
lead_5f400b2db101,retail-isb-001,English Shoes,englishshoespk.com,https://englishshoespk.com/,Pakistan,Islamabad,54A Bank Rd,overture=shoe_store,"Your one-stop shop for quality men’s and women’s footwear in Pakistan. Browse stylish sandals, slippers, and casual shoes — crafted for comfort, made for every occasion. Shop online today.",BUYER,60,"discovery category 'overture=shoe_store' matches campaign target; buyer terms in company identity: shop; buyer terms in page text: store, fashion",13,6,83,"in target country (Pakistan); in target city (Islamabad); 3 ICP term(s) matched: shop, store, fashion; mobile number published (owner-level contact); ecommerce platform detected: shopify; young domain (1.7 y): new or recently relaunched business; buying signals: ecommerce_active",,,englishshoessaddar@gmail.com,mx_valid,03328811112,,,ecommerce_active: track your order,based in Islamabad; sells online; runs on shopify; recently launched online,overture,https://explore.overturemaps.org/#9d99e6bf-3b1d-4aee-aa02-382a2ce30d53,2026-09-25T15:00:54+00:00,true,queued,,,,
lead_f104b496f048,retail-isb-001,Denovo Furniture,denovofurniture.pk,https://denovofurniture.pk/,Pakistan,Islamabad,"Golra Rd, opposite CMT Gate",overture=furniture_store,"Shop Denovo Furniture for premium beds, sofas, wardrobes, etc in Pakistan. Elevate your home with our stylish, durable collections.",BUYER,65,"discovery category 'overture=furniture_store' matches campaign target; buyer terms in company identity: store, brand, shop, furniture",11,4,82,"in target country (Pakistan); in target city (Islamabad); 4 ICP term(s) matched: store, brand, shop, furniture; quality notes: site copyright 2022: possibly unmaintained; only a generic business mailbox is public; mobile number published (owner-level contact); ecommerce platform detected: woocommerce; buying signals: ecommerce_active",,,admin@denovofurniture.pk,generic,+92 334 9426 220,,,"ecommerce_active: add to cart, free shipping",based in Islamabad; sells online; runs on woocommerce,overture,https://explore.overturemaps.org/#c2f239c8-d7a5-4736-92ef-51d0f64ccbef,2026-09-25T15:03:15+00:00,true,queued,,,,
lead_395df84b9908,retail-isb-001,YehPrint,yehprint.com,http://www.yehprint.com/,Pakistan,Islamabad,"Office # S31, Second Floor Malikabad Shopping Mall, Murree Road",overture=clothing_store,Men Event T-shirts 14th August T-shirts Political T-Shirts Imran khan T-shirts PMLN T-shirts PPP T-shirts TLP T-shirts Celebrity T-Shirts Sidhu Moose Wala T-shirts BTS T-Shirts Joker T-shirts Kids 14 August T-Shirts Kids Birthday T-shirts Baby Rompers Kids PSL T-shirts Accessories Custom Safety Vest,BUYER,60,"discovery category 'overture=clothing_store' matches campaign target; buyer terms in company identity: store; buyer terms in page text: brand, shop",11,10,82,"in target country (Pakistan); in target city (Islamabad); 3 ICP term(s) matched: store, brand, shop; quality notes: no https; mobile number published (owner-level contact); ecommerce platform detected: woocommerce; buying signals: ecommerce_active, operations_scale; pain signals: delivery_issues, customer_service_load",,,,none,0325 5070770,,delivery_issues: order tracking; customer_service_load: whatsapp us,"ecommerce_active: shop now, checkout; operations_scale: across pakistan",based in Islamabad; sells online; operates multiple branches/outlets; runs on woocommerce; takes orders over WhatsApp/DM,overture,https://explore.overturemaps.org/#08fc9cc5-828e-4d43-a4de-f8e9fb4cb4ec,2026-09-25T15:03:57+00:00,false,not_queued,,,,
lead_aac767d252a6,retail-isb-001,Mushtaq Cloth Store,mushtaq.pk,https://mushtaq.pk/,Pakistan,Islamabad,D-334 Fifth Rd، near Chaman Ice Cream,overture=clothing_store,"Welcome to the Mushtaq Cloth Store, Official designer wear multi-brand store in Pakistan. Our collection of best female clothing brands in Pakistan features the latest styles and designs to keep you looking your best. Discover the perfect Pakistani ladies dress, luxury embroidered dress to fit your style.",BUYER,65,"discovery category 'overture=clothing_store' matches campaign target; buyer terms in company identity: store, brand, clothing, fashion; buyer terms in page text: shop",13,2,82,"in target country (Pakistan); in target city (Islamabad); 4 ICP term(s) matched: store, brand, clothing, fashion; only a generic business mailbox is public; mobile number published (owner-level contact); ecommerce platform detected: shopify",,,info@mushtaq.pk,generic,92 335 7777698,,,,based in Islamabad; runs on shopify,overture,https://explore.overturemaps.org/#7980ebf5-ee6d-497a-b58f-11df5af75ddf,2026-09-25T15:04:28+00:00,true,queued,,,,
lead_a87bdeaa25de,retail-isb-001,Electronics world,worldelectronics.pk,https://worldelectronics.pk/,Pakistan,Islamabad,"Raza plaza, Street no1, D.A.V. College Rd",overture=electronics_store,"WORLD ELECTRONICS Bluetooth Panther Tank Chassis Kit Arduino-based tracked tank chassis with Bluetooth control, ultrasonic sensor, servo-mounted detection, and",BUYER,60,"discovery category 'overture=electronics_store' matches campaign target; buyer terms in company identity: shop, electronics; buyer terms in page text: e-commerce",15,4,81,"in target country (Pakistan); in target city (Islamabad); 3 ICP term(s) matched: shop, electronics, e-commerce; only a generic business mailbox is public; mobile number published (owner-level contact); ecommerce platform detected: woocommerce; buying signals: ecommerce_active",,,contact@worldelectronics.pk,generic,0321-5355859,,,"ecommerce_active: add to cart, shop now",based in Islamabad; sells online; runs on woocommerce,overture,https://explore.overturemaps.org/#512cf953-8ddb-4364-a966-0d5efec65bb7,2026-09-25T14:58:18+00:00,true,queued,,,,
lead_514bc9533709,retail-isb-001,Shan O Shoukat Apparels,shanoshoukatapparels.com,https://shanoshoukatapparels.com/,Pakistan,Islamabad,C-262 Iqbal Rd,overture=womens_clothing_store,Shano Shoukat Apparels,BUYER,60,"discovery category 'overture=womens_clothing_store' matches campaign target; buyer terms in page text: store, brand, shop",13,4,81,"in target country (Pakistan); in target city (Islamabad); 3 ICP term(s) matched: store, brand, shop; mobile number published (owner-level contact); ecommerce platform detected: shopify; buying signals: ecommerce_active",,,shanoshoukatapparelspvtltd@gmail.com,mx_valid,+923209182355,,,"ecommerce_active: add to cart, shop now",based in Islamabad; sells online; runs on shopify,overture,https://explore.overturemaps.org/#3ba0a3e2-bbcf-4f39-89c8-ebf6542ca81a,2026-09-25T14:58:23+00:00,true,queued,,,,
lead_2afb006e3431,retail-isb-001,Hayas Creation,hayascreation.com,https://www.hayascreation.com/,Pakistan,Islamabad,"Basement hall, House#15, lane#1 Madni town Nilore Islamabad",overture=womens_clothing_store,The Best & Unique Online Women's Clothing Store In Pakistan. At Hayascreation we have great designs of 3piece suit and frock design for Ladies. On our website you’ll have the best experience of online dress shopping.,BUYER,60,"discovery category 'overture=womens_clothing_store' matches campaign target; buyer terms in company identity: store, clothing; buyer terms in page text: fashion",15,2,81,"in target country (Pakistan); in target city (Islamabad); 3 ICP term(s) matched: store, clothing, fashion; mobile number published (owner-level contact); ecommerce platform detected: shopify",,,hayascreation.com@gmail.com,mx_valid,03445140803,,,,based in Islamabad; runs on shopify,overture,https://explore.overturemaps.org/#319974ab-5659-4f25-b292-bb7220c8e510,2026-09-25T15:03:45+00:00,true,queued,,,,
lead_a5696f15bfb3,retail-isb-001,Wrapitskin,wrapitskin.com,https://wrapitskin.com/,Pakistan,Islamabad,"bank, Shop No LG 9 Rania Mall, Bank Road, Saddar, Rawalpindi, Punjab, road",overture=mobile_phone_store,"WrapitSkin – Pakistan's No.1 Destination for High-Quality Skins. Discover our exclusive skins for Mobile, MacBook, Gaming Console, iPad skins & more!",BUYER,55,"discovery category 'overture=mobile_phone_store' matches campaign target; buyer terms in page text: shop, outlet",15,8,80,"in target country (Pakistan); in target city (Islamabad); 2 ICP term(s) matched: shop, outlet; only a generic business mailbox is public; mobile number published (owner-level contact); ecommerce platform detected: woocommerce; buying signals: ecommerce_active, operations_scale; pain signals: delivery_issues",,,support@wrapitskin.com,generic,+92 (312) 5585386,,delivery_issues: order tracking,ecommerce_active: shop now; operations_scale: nationwide,based in Islamabad; sells online; operates multiple branches/outlets; runs on woocommerce,overture,https://explore.overturemaps.org/#adf188ee-6f9f-4472-a91c-ccac80cc11a7,2026-09-25T14:59:33+00:00,true,queued,,,,
lead_c8bd820e274b,retail-isb-001,Woodistan,woodistan.com,https://woodistan.com/,Pakistan,Islamabad,"VIP, Plot No. BC-14, Street No. 2, Block, near Spire Mall",overture=furniture_store,"Handcrafted solid wooden furniture, watch boxes & home decor - made in Pakistan. Free delivery across Pakistan. Cash on delivery available.",BUYER,55,discovery category 'overture=furniture_store' matches campaign target; buyer terms in company identity: furniture; buyer terms in page text: shop,12,8,79,"in target country (Pakistan); in target city (Islamabad); 2 ICP term(s) matched: furniture, shop; mobile number published (owner-level contact); ecommerce platform detected: shopify; young domain (1.4 y): new or recently relaunched business; buying signals: ecommerce_active, operations_scale",,,woodistanstore@gmail.com,mx_valid,0328-5266301,,,ecommerce_active: track your order; operations_scale: across pakistan,based in Islamabad; sells online; operates multiple branches/outlets; runs on shopify; recently launched online,overture,https://explore.overturemaps.org/#3445d4f6-1af8-4aa3-b3dd-8d51d661c8d7,2026-09-25T15:01:20+00:00,true,queued,,,,
lead_51865201acde,retail-isb-001,Mustafa Khattak Fabrics,mustafakhattakfabrics.com,https://mustafakhattakfabrics.com/,Pakistan,Islamabad,"Shop no, LB-22, Rabi Center, Murree Rd",overture=clothing_store,Skip to content SHOP Sonydarti Chiffon BAREEZE KARANDI Bareeze Prints 3pc Bareeze Karandi 3PC Bareeze Karandi Mirror Work Bareeza Chiffon SHAWLS Prints SWISS Bareeze CutWork Pure Lawn 3PC SHOP Sonydarti Chiffon BAREEZE KARANDI Bareeze Prints 3pc Bareeze Karandi 3PC Bareeze Karandi Mirror Work Bareez,BUYER,55,discovery category 'overture=clothing_store' matches campaign target; buyer terms in company identity: shop; buyer terms in page text: store,15,6,79,"in target country (Pakistan); in target city (Islamabad); 2 ICP term(s) matched: shop, store; ecommerce platform detected: woocommerce; buying signals: ecommerce_active; pain signals: customer_service_load",,,mustafakhattakfabrics@gmail.com,mx_valid,023199000700,,customer_service_load: whatsapp us,ecommerce_active: free shipping,based in Islamabad; sells online; runs on woocommerce; takes orders over WhatsApp/DM,overture,https://explore.overturemaps.org/#d8232729-7dcc-477a-9c70-07c85c72a726,2026-09-25T15:03:55+00:00,true,queued,,,,
lead_9045a3331ff0,retail-isb-001,Rafles Studio Apple Store,iraffles.pk,https://iraffles.pk/,Pakistan,Islamabad,"Shop G-25 , Ground Floor, Midway Centrum, Murree Rd",overture=electronics_store,Skip to content Menu Home Mac MacBook Neo MacBook Air 13″ MacBook Air 15″ MacBook Pro 14″ MacBook Pro 16″ iMac 24″ Mac Mini Mac Studio Mac Accessories iPad iPad Air iPad Pro iPad 10th Gen iPad Accessories iPhone iPhone iPhone Accessories Watch Apple Watch SE3 Apple Watch Series 11 AirPods Accessorie,BUYER,60,"discovery category 'overture=electronics_store' matches campaign target; vendor terms in company identity: reseller; buyer terms in company identity: retail, store, shop",15,2,79,"in target country (Pakistan); in target city (Islamabad); 3 ICP term(s) matched: retail, store, shop; quality notes: website does not appear to belong to this company; only a generic business mailbox is public; mobile number published (owner-level contact); ecommerce platform detected: woocommerce; held for review: website may belong to a different company",,,info@iraffles.pk,generic,+923014757522,,,,based in Islamabad; runs on woocommerce,overture,https://explore.overturemaps.org/#ffa39948-fd72-4729-a4cd-5a364fc167fd,2026-09-25T15:05:29+00:00,false,not_queued,,,,
lead_a0cfb3635d60,retail-isb-001,King Shoes,kingshoes.com.pk,http://www.kingshoes.com.pk/,Pakistan,Islamabad,"C/120 main motibazar, Iqbal Rd, near Committee Chowk",overture=shoe_store,"DEALS Welcome to our store. For Cash on Delivery orders, kindly pay in cash only when your parcel is handed over. About Login Inventory Web 0 Home Inventory Web Hello, Guest Login / Sign Up Home All Products New Arrivals My Cart 0 Shop by Category Help & Info About Us Shipping & Delivery Exchange & ",BUYER,65,"discovery category 'overture=shoe_store' matches campaign target; vendor terms in company identity: tech solutions; buyer terms in company identity: store, shop, online store, fashion",7,2,78,"in target country (Pakistan); in target city (Islamabad); 4 ICP term(s) matched: store, shop, online store, fashion; quality notes: no https; no public contact details; mobile number published (owner-level contact); buying signals: ecommerce_active",,,kingshoes.com@gmail.com,mx_valid,+923355553968,,,"ecommerce_active: add to cart, checkout",based in Islamabad; sells online,overture,https://explore.overturemaps.org/#faf6219e-fb3a-4c3a-976b-3bdf6211c8eb,2026-09-25T14:58:34+00:00,true,queued,,,,
lead_9586061fbb5c,retail-isb-001,Montiero,montiero.pk,https://www.montiero.pk/,Pakistan,Islamabad,FDoc-EOBI,overture=clothing_store,Discover Monteiro's commitment to excellence. Premier quality products that redefine standards and deliver unparalleled performance,BUYER,57,"discovery category 'overture=clothing_store' matches campaign target; buyer terms in page text: brand, shop, fashion; buyer evidence outweighs weaker vendor mentions",15,4,78,"in target country (Pakistan); in target city (Islamabad); 3 ICP term(s) matched: brand, shop, fashion; minor vendor mentions present: trusted by; only a generic business mailbox is public; mobile number published (owner-level contact); ecommerce platform detected: shopify; pain signals: customer_service_load",,,info@montiero.pk,generic,+92 342 9851098,,customer_service_load: whatsapp us,,based in Islamabad; runs on shopify; takes orders over WhatsApp/DM,overture,https://explore.overturemaps.org/#9ca9d256-147c-4285-87d7-581d04646dfb,2026-09-25T15:06:14+00:00,true,not_queued,,,,
lead_82230d7624dc,retail-isb-001,Taana Baana,taanabaana.pk,https://taanabaana.pk/en-int,Pakistan,Islamabad,"9-B/2, Trade Center, Commercial Market Rd",overture=womens_clothing_store,"Shop Taana Baana for premium embroidered unstitched suits and dresses for women. Trusted Taana Baana PK, free shipping nationwide.",BUYER,55,"discovery category 'overture=womens_clothing_store' matches campaign target; buyer terms in company identity: store, shop",13,7,77,"in target country (Pakistan); in target city (Islamabad); 2 ICP term(s) matched: store, shop; only a generic business mailbox is public; mobile number published (owner-level contact); ecommerce platform detected: shopify; buying signals: ecommerce_active, operations_scale",,,customercare@taanabaana.pk,generic,0340-0321111,,,"ecommerce_active: shop now, buy now; operations_scale: nationwide",based in Islamabad; sells online; operates multiple branches/outlets; runs on shopify,overture,https://explore.overturemaps.org/#753876a5-1f45-4a88-85cc-d34b7a839bb6,2026-09-25T15:04:38+00:00,true,not_queued,,,,
lead_68bf5af9f11e,retail-isb-001,Saeed Brothers Electronics - Electronics Whole Sale Dealers - Electronics,saeedbrotherselectronics.com,https://saeedbrotherselectronics.com/,Pakistan,Islamabad,"Shaheen Electronics Market, D.A.V. College Rd",overture=electronics_store,"Skip to content Shaheen Electronics Market, G-505-A, DAV College Road, Rawalpindi Mon–Sun, 9:30am – 8:30pm 051-5530972 WhatsApp Saeed Brothers Electronics Call WhatsApp All Products Components Modules & Sensors Arduino & Boards Project Kits Tools & Equipment Consumer Electronics Cables & Connectors ",BUYER,55,"discovery category 'overture=electronics_store' matches campaign target; buyer terms in company identity: shop, electronics",10,7,76,"in target country (Pakistan); in target city (Islamabad); 2 ICP term(s) matched: shop, electronics; quality notes: single-page site; mobile number published (owner-level contact); ecommerce platform detected: woocommerce; buying signals: ecommerce_active, operations_scale",,,saeedengineer74@gmail.com,mx_valid,0333 5530972,,,"ecommerce_active: checkout; operations_scale: nationwide, across pakistan",based in Islamabad; sells online; operates multiple branches/outlets; runs on woocommerce,overture,https://explore.overturemaps.org/#a012b86d-e7b0-47d2-b01b-f828a185ee8e,2026-09-25T14:57:41+00:00,true,queued,,,,
lead_9589dc392d77,retail-isb-001,Get Dressed,getdressedshop.com,https://getdressedshop.com/,Pakistan,Islamabad,Plot 44 Street 3,overture=clothing_company,"Discover Get Dressed Shop, your go-to destination for innovative, faith-inspired footwear. With a global presence spanning all over the world, we blend practicality, comfort, and style to meet your everyday needs. Explore our trusted collection designed to enhance your lifestyle with purpose and ease.",BUYER,55,discovery category 'overture=clothing_company' matches campaign target; buyer terms in company identity: shop; buyer terms in page text: brand,12,6,75,"in target country (Pakistan); in target city (Islamabad); 2 ICP term(s) matched: shop, brand; quality notes: no public contact details; only a generic business mailbox is public; mobile number published (owner-level contact); ecommerce platform detected: shopify; buying signals: ecommerce_active; pain signals: delivery_issues",,,info@getdressedshop.com,generic,+923338045701,,delivery_issues: order tracking,"ecommerce_active: shop now, checkout",based in Islamabad; sells online; runs on shopify,overture,https://explore.overturemaps.org/#a0a01d7d-666f-4110-b5a8-79dca8fffe83,2026-09-25T15:06:52+00:00,true,not_queued,,,,
lead_aff8e0893a95,retail-isb-001,MGears.Pk,mgears.pk,https://mgears.pk/,Pakistan,Islamabad,G15 khyaban e kashmir Islamabad ,overture=shoe_store,Skip to main content Menu Search Sign in Create an Account Username or email address * Required Password * Required Log in Lost your password? Remember me 0 items Menu 0 items SHOP ALL MEN WOMEN SPORTS HIKING CASUAL Budget Deals Shop All Sports Shoes Shop All Sports Shoes Shop All Sports Shoes Shop ,BUYER,55,"discovery category 'overture=shoe_store' matches campaign target; buyer terms in company identity: brand, shop",13,4,74,"in target country (Pakistan); in target city (Islamabad); 2 ICP term(s) matched: brand, shop; only a generic business mailbox is public; mobile number published (owner-level contact); ecommerce platform detected: woocommerce; buying signals: ecommerce_active",,,cs@mgears.pk,generic,03255415830,,,"ecommerce_active: cash on delivery, track your order",based in Islamabad; sells online; runs on woocommerce,overture,https://explore.overturemaps.org/#e7f40748-7928-4002-b194-5fd266ab83d2,2026-09-25T14:58:07+00:00,true,queued,,,,
lead_cc52dab02f2d,retail-isb-001,TAMAAM.official,tamaam.pk,https://tamaam.pk/,Pakistan,Islamabad,saddar ,overture=grocery_store,"At Tamaam.pk, our mission is simple — to ensure everyone in Pakistan gets the opportunity to read, learn, and grow. Founded by Mohammad Ali, a passionate book",BUYER,50,discovery category 'overture=grocery_store' matches campaign target; buyer terms in company identity: shop,15,7,74,"in target country (Pakistan); in target city (Islamabad); 1 ICP term(s) matched: shop; only a generic business mailbox is public; mobile number published (owner-level contact); ecommerce platform detected: woocommerce; buying signals: ecommerce_active, operations_scale",,,info@tamaam.pk,generic,+92 327 7833098,,,"ecommerce_active: buy now, checkout; operations_scale: nationwide, across pakistan",based in Islamabad; sells online; operates multiple branches/outlets; runs on woocommerce,overture,https://explore.overturemaps.org/#bc84e2c6-d323-44ab-9a8b-9c7b5b097da6,2026-09-25T15:02:22+00:00,true,queued,,,,
lead_0aa73aa26e46,retail-isb-001,Mirari Heirloom Furniture Showroom,mirarifurniture.com,https://www.mirarifurniture.com/,Pakistan,Islamabad,Plot 389 Potohar Rd,overture=furniture_store,"At Mirari, we use the best artisans, finest raw materials, tools and the highest quality machinery to create timeless furniture.",BUYER,57,"discovery category 'overture=furniture_store' matches campaign target; buyer terms in company identity: showroom, furniture; buyer terms in page text: brand; buyer evidence outweighs weaker vendor mentions",15,0,74,"in target country (Pakistan); in target city (Islamabad); 3 ICP term(s) matched: showroom, furniture, brand; minor vendor mentions present: our clients; only a generic business mailbox is public",,,contact@mirarifurniture.com,generic,+92 51 2722 022,,,,based in Islamabad,overture,https://explore.overturemaps.org/#bb050b32-43b4-4e7c-8175-80a68d82d5ad,2026-09-25T15:06:05+00:00,true,not_queued,,,,
lead_26f0e75c389c,retail-isb-001,Visit Clothing,visitclothing.com,https://visitclothing.com/,Pakistan,Islamabad,"Shop # 45, Silk Centre, Rehmanabad, Murree Rd",overture=clothing_store,"Visit Clothing offers a premium selection of men's and kids' clothing, tailored to provide the perfect blend of style, comfort, and quality.",BUYER,55,"discovery category 'overture=clothing_store' matches campaign target; buyer terms in company identity: store, clothing",10,4,73,"in target country (Pakistan); in target city (Islamabad); 2 ICP term(s) matched: store, clothing; quality notes: no public contact details; mobile number published (owner-level contact); ecommerce platform detected: woocommerce; buying signals: ecommerce_active",,,visitgarments@yahoo.com,mx_valid,+923335144461,,,ecommerce_active: cash on delivery,based in Islamabad; sells online; runs on woocommerce,overture,https://explore.overturemaps.org/#6118af54-78c1-4175-8daa-89778b316f38,2026-09-25T15:04:21+00:00,true,not_queued,,,,
lead_75ffc95ed3a9,retail-isb-001,JS Event Rentals,exactexpo.com,https://exactexpo.com/,Pakistan,Islamabad,DD-287/20,overture=furniture_store,Exact Expo Solutions & Event Management - Corporate Event Planner & Stall Fabrication Company,BUYER,52,"discovery category 'overture=furniture_store' matches campaign target; sells-to-businesses phrasing: our clients, hire us, get a quote; buyer terms in company identity: brand, shop; buyer evidence outweighs weaker vendor mentions",15,4,72,"in target country (Pakistan); in target city (Islamabad); 2 ICP term(s) matched: brand, shop; quality notes: website does not appear to belong to this company; minor vendor mentions present: our clients, hire us, get a quote; mobile number published (owner-level contact); ecommerce platform detected: woocommerce; buying signals: operations_scale; held for review: website may belong to a different company",,,,none,+923340018138,,,operations_scale: nationwide,based in Islamabad; operates multiple branches/outlets; runs on woocommerce,overture,https://explore.overturemaps.org/#173ccd91-e1a0-4f52-b64b-879dda125bd6,2026-09-25T15:06:31+00:00,false,not_queued,,,,
lead_43f05d6a7112,retail-isb-001,Huawei Experience store,huawei.com,https://consumer.huawei.com/pk/,Pakistan,Islamabad,"Shop Lg 6، rania mall, Bank Rd",overture=mobile_phone_store,"Explore the latest technologies in HUAWEI smartphone, wearable, PC, tablet, audio, router. Get to know the related accessories and software applications.",BUYER,52,discovery category 'overture=mobile_phone_store' matches campaign target; vendor terms in page text: consulting; buyer terms in company identity: store; buyer terms in page text: fashion; buyer evidence outweighs weaker vendor mentions,12,2,70,"in target country (Pakistan); in target city (Islamabad); 2 ICP term(s) matched: store, fashion; quality notes: no public contact details; minor vendor mentions present: consulting; mobile number published (owner-level contact); active GitHub org (5 public repos, last push 2026-09-24T08:57:52Z); buying signals: github_activity",,,sabah.ahmedrwp@gmail.com,mx_valid,+923009135258,,,"github_activity: 5 public repo(s), last pushed 2026-09-24T08:57:52Z",based in Islamabad; actively engineering (public GitHub org),overture,https://explore.overturemaps.org/#a3a7f173-8fb9-4ec4-a9e4-29ec9b6899e6,2026-09-25T14:59:41+00:00,true,not_queued,,,,
lead_4da3f544a340,retail-isb-001,Al-Waris Traders,sdanial1991.wixsite.com,https://sdanial1991.wixsite.com/alwaris,Pakistan,Islamabad,"Murree Rd, Mohalla Amerpura",overture=furniture_store,"top of page This website was built on Wix. Create yours today. Get Started ALWARISFURNITURES Home Shop More Use tab to navigate through the menu items. INTRODUCING ALWARISFURNITURES The Best Office Furniture Store in San Francisco Since 2023, alwarisfurnitures has been working hard to serve the offi",BUYER,57,"discovery category 'overture=furniture_store' matches campaign target; buyer terms in company identity: store, shop, furniture; buyer evidence outweighs weaker vendor mentions",9,0,70,"in target country (Pakistan); in target city (Islamabad); 3 ICP term(s) matched: store, shop, furniture; quality notes: single-page site; website does not appear to belong to this company; site copyright 2020: possibly unmaintained; minor vendor mentions present: our clients; mobile number published (owner-level contact); held for review: website may belong to a different company",,,daniyal_hassan91@outlook.com,mx_valid,+923215291272,,,,based in Islamabad,overture,https://explore.overturemaps.org/#f426528f-9ea0-4948-a86a-6f5035ff89a0,2026-09-25T15:02:11+00:00,false,not_queued,,,,
lead_12adb818beb9,retail-isb-001,Rang e Nissa,rangenissa.com,https://www.rangenissa.com/,Pakistan,Islamabad,"Shop# 11, Munir Plaza, Basement Commercial Market Rd",overture=clothing_store,Un-Stitched and Prets,BUYER,57,"discovery category 'overture=clothing_store' matches campaign target; buyer terms in company identity: fashion; buyer terms in page text: brand, clothing; buyer evidence outweighs weaker vendor mentions",7,2,70,"in target country (Pakistan); in target city (Islamabad); 3 ICP term(s) matched: fashion, brand, clothing; quality notes: single-page site; no public contact details; minor vendor mentions present: portfolio; mobile number published (owner-level contact); buying signals: ecommerce_active",,,rang.e.nissa@gmail.com,mx_valid,+923320565646,,,"ecommerce_active: add to cart, checkout",based in Islamabad; sells online,overture,https://explore.overturemaps.org/#85a1b69c-a702-480f-881a-bcf3da1e8256,2026-09-25T15:04:30+00:00,true,not_queued,,,,
lead_a3067a5b6338,retail-isb-001,Malik Electric Motor Works,goldendynamics.com,https://www.goldendynamics.com/,Pakistan,Islamabad,128-G Kashmir Road Saddar Cantt,overture=electronics_store,Toggle navigation About Products Team Archives Partners Contact GOLDEN DYNAMICS more than six decades of manufacturing industry experience under its belt! Read More At GOLDEN DYNAMICS we believe we are ideally placed to cater for most of your pumping needs whether it is for a simple mono pump for re,BUYER,55,"discovery category 'overture=electronics_store' matches campaign target; buyer terms in page text: brand, outlet",10,0,69,"in target country (Pakistan); in target city (Islamabad); 2 ICP term(s) matched: brand, outlet; quality notes: single-page site; website does not appear to belong to this company; mobile number published (owner-level contact)",,,memworks.malik@gmail.com,mx_valid,+923335295097,,,,based in Islamabad,overture,https://explore.overturemaps.org/#d9e1dbed-7dd7-4f55-a56f-d45701ca6014,2026-09-25T14:57:25+00:00,false,not_queued,,,,
lead_4de7cd88727d,retail-isb-001,eLibas,elibas.com,https://elibas.com/,Pakistan,Islamabad,"Shop # 5-C, Basement, Babar Plaza, Gorden College Rd, opposite Savour Foods",overture=womens_clothing_store,eLibas,BUYER,50,discovery category 'overture=womens_clothing_store' matches campaign target; buyer terms in company identity: shop,13,2,69,in target country (Pakistan); in target city (Islamabad); 1 ICP term(s) matched: shop; mobile number published (owner-level contact); ecommerce platform detected: shopify,,,elibasofficial@gmail.com,mx_valid,+923355764267,,,,based in Islamabad; runs on shopify,overture,https://explore.overturemaps.org/#e920198d-94fb-470b-91cf-f422c1611e93,2026-09-25T14:58:36+00:00,false,not_queued,,,,
lead_d47e8cdc9444,retail-isb-001,Saqib Mobile,saqibmobile.com,https://www.saqibmobile.com/,Pakistan,Islamabad,"3, Lower Ground Floor, Akhtar Plaza, Police Station Rd",overture=mobile_phone_store,Online Shop in Islamabad | Rawalpindi | Pakistan,BUYER,50,discovery category 'overture=mobile_phone_store' matches campaign target; buyer terms in company identity: shop,15,2,69,in target country (Pakistan); in target city (Islamabad); 1 ICP term(s) matched: shop; only a generic business mailbox is public; mobile number published (owner-level contact); buying signals: ecommerce_active,,,info@saqibmobile.com,generic,0300 8560651,,,"ecommerce_active: add to cart, checkout",based in Islamabad; sells online,overture,https://explore.overturemaps.org/#4653c963-1606-49f9-87ee-c42ce0412d65,2026-09-25T14:59:44+00:00,false,not_queued,,,,
lead_23f0ac80eb86,retail-isb-001,Aroma Furniture and Decor,pafikecpaser.org,https://pafikecpaser.org/,Pakistan,Islamabad,"Plot No. 236 Street 6 I-9/2, Industrial",overture=furniture_store,MAXWIN77,BUYER,55,discovery category 'overture=furniture_store' matches campaign target; buyer terms in company identity: furniture; buyer terms in page text: brand,7,4,68,"in target country (Pakistan); in target city (Islamabad); 2 ICP term(s) matched: furniture, brand; quality notes: single-page site; no public contact details; website does not appear to belong to this company; only a generic business mailbox is public; mobile number published (owner-level contact); young domain (1.4 y): new or recently relaunched business; buying signals: ecommerce_active",,,orders@aromafurnishers.com,generic,+923045855845,,,ecommerce_active: add to cart,based in Islamabad; sells online; recently launched online,overture,https://explore.overturemaps.org/#ddb7408b-a05c-49f9-a3b3-55a47b48df99,2026-09-25T15:07:55+00:00,false,not_queued,,,,
lead_c90edffaae6f,retail-isb-001,Sine Wave International Doors and Wardrobes,sinewaveint.com,http://www.sinewaveint.com/,Pakistan,Islamabad,"Peshawar Rd, adjacent G-15, near PSO",overture=furniture_store,"Premium custom furniture, luxury kitchens, wardrobes & engineered doors by Sine Wave Interiors. Precision CNC crafted in Islamabad for homes & hotels nationwide.",BUYER,55,discovery category 'overture=furniture_store' matches campaign target; buyer terms in company identity: furniture; buyer terms in page text: clothing,8,2,67,"in target country (Pakistan); in target city (Islamabad); 2 ICP term(s) matched: furniture, clothing; quality notes: no https; single-page site; only a generic business mailbox is public; mobile number published (owner-level contact); young domain (1.7 y): new or recently relaunched business",,,contact@sinewaveint.com,generic,0306 2227623,,,,based in Islamabad; recently launched online,overture,https://explore.overturemaps.org/#2ab59b45-2a64-4710-8d71-958ef5b82e29,2026-09-25T15:02:50+00:00,false,not_queued,,,,
lead_88875772b40f,retail-isb-001,Apple Mobile and Repairing Lab,phonewaly.pk,https://phonewaly.pk/,Pakistan,Islamabad,"shop 5 Ground floor, Street 110",overture=electronics_store,Home Catalog Contact Phone Waly Start typing and hit Enter Shopping Cart 0 Your shopping bag is empty Go to the shop 0 Menu Login Home Catalog Contact Forgot your password? Log In or Register now Reset your password Cancel Register register or Back to login Close Great to have you back! Forgot your ,BUYER,50,discovery category 'overture=electronics_store' matches campaign target; buyer terms in company identity: shop,9,4,67,in target country (Pakistan); in target city (Islamabad); 1 ICP term(s) matched: shop; quality notes: no public contact details; website does not appear to belong to this company; site copyright 2016: possibly unmaintained; mobile number published (owner-level contact); ecommerce platform detected: shopify; buying signals: ecommerce_active,,,touseef9008@gmail.com,mx_valid,+923152507272,,,"ecommerce_active: add to cart, checkout",based in Islamabad; sells online; runs on shopify,overture,https://explore.overturemaps.org/#387bd93e-ac2a-4abe-93a0-5942a5899053,2026-09-25T15:05:53+00:00,false,not_queued,,,,
lead_9744f8e43d91,retail-isb-001,Minnie Minors,minnieminors.com,https://www.minnieminors.com/,Pakistan,Islamabad,Fifth Rd,overture=clothing_store,"Minnie Minors is a leading Pakistani kidswear brand offering fun, stylish and comfortable clothes that are made to last. Find versatile everyday essentials, chic casuals, trendy sportswear and festive party bling along with a perfect range of hip accessories to maintain the 'trendy cool' of the young fashionistas.",BUYER,55,"discovery category 'overture=clothing_store' matches campaign target; buyer terms in company identity: brand, clothing",7,4,66,"in target country (Pakistan); in target city (Islamabad); 2 ICP term(s) matched: brand, clothing; quality notes: single-page site; no public contact details; no usable email; ecommerce platform detected: shopify; buying signals: ecommerce_active",,,,none,+92514850429,,,ecommerce_active: checkout,based in Islamabad; sells online; runs on shopify,overture,https://explore.overturemaps.org/#581157c2-2a02-4a21-a11c-7d99f27e6096,2026-09-25T15:04:18+00:00,false,not_queued,,,,
lead_9b8acaa584a0,retail-isb-001,Furniture Revolution,ikanventure.com,http://www.ikanventure.com/,Pakistan,Islamabad,Madni plaza,overture=furniture_store,"Executive, Manager, Conference Tables, Work Station, Partition System, Executive , Conference room, Staff Chairs, Cabinets, General Seating, Malaysian Products",BUYER,50,discovery category 'overture=furniture_store' matches campaign target; buyer terms in company identity: furniture,13,0,65,in target country (Pakistan); in target city (Islamabad); 1 ICP term(s) matched: furniture; quality notes: no https; only a generic business mailbox is public; mobile number published (owner-level contact),,,info@ikanventure.com,generic,+92 321 5555775,,,,based in Islamabad,overture,https://explore.overturemaps.org/#766ee879-d57e-4dc1-9c60-edbb7f4b2cb7,2026-09-25T15:03:26+00:00,false,not_queued,,,,
lead_701dfbfd567d,retail-isb-001,IGAD Institute,igadpk.com,https://igadpk.com/,Pakistan,Islamabad,"Pakistan Floor, Midway Shopping Mall, Murree Rd",overture=fashion_and_apparel_store,"Explore graphic design courses at IGAD with foreign-qualified tutors, professional recorded lectures, and skill-based learning.",BUYER,45,"discovery category 'overture=fashion_and_apparel_store' matches campaign target; vendor terms in page text: consultancy, freelance; buyer terms in page text: brand; buyer evidence outweighs weaker vendor mentions",15,0,61,"in target country (Pakistan); in target city (Islamabad); 1 ICP term(s) matched: brand; minor vendor mentions present: consultancy, freelance; mobile number published (owner-level contact)",,,,none,03338016677,,,,based in Islamabad,overture,https://explore.overturemaps.org/#8beb94b1-0ec8-4407-bbdc-a4688f2dfa53,2026-09-25T15:05:10+00:00,false,not_queued,,,,
lead_e997a9e56694,retail-isb-001,Mir Electronics,mirelectronics.com,https://mirelectronics.com/,Pakistan,Islamabad,"shop no, CA-259 Saidpur Rd",overture=electronics_store,Electronics for Everyone,BUYER,50,discovery category 'overture=electronics_store' matches campaign target; buyer terms in company identity: electronics,7,0,60,in target country (Pakistan); in target city (Islamabad); 1 ICP term(s) matched: electronics; quality notes: single-page site; no public contact details,,,mirelectronics.pk@gmail.com,mx_valid,+92518480579,,,,based in Islamabad,overture,https://explore.overturemaps.org/#b48993bc-954c-4cef-95e0-591ec514b5b9,2026-09-25T15:04:49+00:00,false,not_queued,,,,
lead_1944b03886e2,retail-isb-001,Stone Cover,stonecover.net,https://stonecover.net/,Pakistan,Islamabad,Car Chowk Rawalpindi ,overture=mens_clothing_store,"Car Chowk Rawalpindi , Rawalpindi, Pakistan info@stonecover.com +92 (300) 4000653 Home About Products/Services Rock Wall Marble Chips Coating Stucco Sand Tex Stone Hard Rollon Tramofine Adoba Fine Finish Paint & Polish All type of paint & textures White Wash Lustr Finish Weather Shield Luxury Acryli",BUYER,40,"discovery category 'overture=mens_clothing_store' matches campaign target; sells-to-businesses phrasing: our clients, trusted by, get a quote; buyer evidence outweighs weaker vendor mentions",15,2,59,"in target country (Pakistan); in target city (Islamabad); minor vendor mentions present: our clients, trusted by, get a quote; only a generic business mailbox is public; mobile number published (owner-level contact); young domain (0.4 y): new or recently relaunched business",,,info@stonecover.com,generic,+92 (300) 4000653,,,,based in Islamabad; recently launched online,overture,https://explore.overturemaps.org/#a7b78f25-0868-4c68-b234-de9121ab4e2d,2026-09-25T14:57:10+00:00,false,not_queued,,,,
lead_1196f1024642,retail-isb-001,Kashmir Tarpaulin and Tent House,kashmirtent.com,https://www.kashmirtent.com/,Pakistan,Islamabad,"Bangash pully/ Takwan bridge, Main Karnal Sher Khan Shaheed Rd",overture=clothing_store,"Home OUR PRODUCTS ALL TYPES OF TENTS BLANKETS AND QUILTS ARMY BLANKETS BABY BLANKETS COTTON QUILTS POLYESTER QUILTS RELEIF BLANKETS DIFFERENT KITS AGRICULTURAL TOOL KITS FIRST AID KITBOX WITH MEDICINE HOUSEHOLD KIT USE FOR SCHOOL, STORAGE HYGIENE KIT SPORTS KITS TOOL KITS WOMEN HYGIENE KIT DOMESTIC ",BUYER,40,discovery category 'overture=clothing_store' matches campaign target; vendor terms in page text: consulting; buyer evidence outweighs weaker vendor mentions,13,2,57,"in target country (Pakistan); in target city (Islamabad); quality notes: site copyright 2022: possibly unmaintained; no mobile viewport; minor vendor mentions present: consulting, clients include; only a generic business mailbox is public; mobile number published (owner-level contact); buying signals: operations_scale",,,info@kashmirtent.com,generic,0321-5026670,,,operations_scale: nationwide,based in Islamabad; operates multiple branches/outlets,overture,https://explore.overturemaps.org/#fa6210a3-0caf-4310-8391-503262d5d92a,2026-09-25T15:04:47+00:00,false,not_queued,,,,
lead_c49988e629c7,retail-isb-001,Bin Haider,binhaider.pk,https://binhaider.pk/,Pakistan,Islamabad,"Plaza#18, Main Faqir Aipee Road, near Metro Cash n Carry",overture=furniture_store,Thoughtful spaces. Refined materials. Made for your home.,BUYER,44,discovery category 'overture=furniture_store' matches campaign target,10,0,56,in target country (Pakistan); in target city (Islamabad); quality notes: single-page site; only a generic business mailbox is public; mobile number published (owner-level contact),,,info@binhaider.pk,generic,+92 327 7770235,,,,based in Islamabad,overture,https://explore.overturemaps.org/#406c1cb0-eb29-49a3-a915-446f71527bb9,2026-09-25T15:05:27+00:00,false,not_queued,,,,
lead_b01257d49c2f,retail-isb-001,Skardu Baltistan Communication,sbc.com.pk,http://www.sbc.com.pk/,Pakistan,Islamabad,"Shop No LG-53 Basement, Noor Mobile Mall",overture=mobile_phone_store,Home About Us Packages Our Team Contact Us ⚡ Powered by State-of-the-Art Tech Next-Gen High-End Network Systems Guaranteeing cost-effective corporate broadband and stable consumer pipelines without compromising quality. View Fiber Packages 🎮 Zero Latency Core Optimized For Ultimate Gaming Experience,BUYER,44,discovery category 'overture=mobile_phone_store' matches campaign target,8,0,52,in target country (Pakistan); in target city (Islamabad); quality notes: no https; single-page site; website does not appear to belong to this company; no usable email,,,,none,,,,,based in Islamabad,overture,https://explore.overturemaps.org/#62f6ddd7-d634-4fdf-897c-ddd6406e69b3,2026-09-25T15:05:02+00:00,false,not_queued,,,,
lead_78fe883c5a87,retail-isb-001,Rizvi's Dental Specialists,rizvisdental.com,http://www.rizvisdental.com/,Pakistan,Islamabad,734-B، Main Saidpur Rd، inside Samia Memorial Hospital، near college chowk,overture=cosmetic_dentistry,Over 50 Years of Clinical Excellence. Copyright © RDS - Rizvi's Dental Specialists 2023. Best viewed at 1350x800 or higher resolution.,BUYER,44,discovery category 'overture=cosmetic_dentistry' matches campaign target,4,0,51,in target country (Pakistan); in target city (Islamabad); quality notes: no https; single-page site; no public contact details,,,rizvisdental@gmail.com,mx_valid,+92514411367,,,,based in Islamabad,overture,https://explore.overturemaps.org/#b9a94295-7081-4c43-8e15-36653dc7a4df,2026-09-25T15:04:45+00:00,false,not_queued,,,,
lead_d2839b43c15a,retail-isb-001,Men Step,e82f49-da.myshopify.com,https://e82f49-da.myshopify.com/,Pakistan,Islamabad,"1Mart Khyber, Street 2",overture=shoe_store,,UNKNOWN,23,discovery category 'overture=shoe_store' matches campaign target; website unavailable: discovery record alone is insufficient evidence,0,0,27,in target country (Pakistan); in target city (Islamabad); company type unknown: insufficient evidence; website unreachable; quality notes: website unreachable (robots_disallowed); no public contact details; mobile number published (owner-level contact),,,onemartg15@gmail.com,mx_valid,+923135684858,,,,based in Islamabad,overture,https://explore.overturemaps.org/#31e1fe50-06b9-4fd5-9c50-cae7255749a8,2026-09-25T14:56:46+00:00,false,not_queued,,,,
lead_d892fa54a591,retail-isb-001,Jan Fabrics,fb.com,http://www.fb.com/janfabrix,Pakistan,Islamabad,"Shop 43-GF, Khattak plaza, Gorden College Rd",overture=clothing_store,,UNKNOWN,23,discovery category 'overture=clothing_store' matches campaign target; website unavailable: discovery record alone is insufficient evidence,0,0,27,in target country (Pakistan); in target city (Islamabad); company type unknown: insufficient evidence; website unreachable; quality notes: website unreachable (robots_disallowed); no public contact details; mobile number published (owner-level contact),,,janfabrics@gmail.com,mx_valid,+923115544636,,,,based in Islamabad,overture,https://explore.overturemaps.org/#38fad4e4-69c1-4212-a0c3-f1fc8b802e45,2026-09-25T14:57:23+00:00,false,not_queued,,,,
lead_1b502f505521,retail-isb-001,Ace Tech and Traders,acetechandtraders.com,https://acetechandtraders.com/,Pakistan,Islamabad,Gorden College Rd,overture=electronics_store,,UNKNOWN,23,discovery category 'overture=electronics_store' matches campaign target; website unavailable: discovery record alone is insufficient evidence,0,0,27,in target country (Pakistan); in target city (Islamabad); company type unknown: insufficient evidence; website unreachable; quality notes: website unreachable (http_error:ConnectError); no public contact details; mobile number published (owner-level contact),,,acetechnologytraders@gmail.com,mx_valid,+923070957490,,,,based in Islamabad,overture,https://explore.overturemaps.org/#665b235e-06e2-452b-ab0f-7ca9017453b4,2026-09-25T14:57:47+00:00,false,not_queued,,,,
lead_ecf9f187c6a4,retail-isb-001,Fancy Cloth Centre,ali-market-clothes-and-fabric-wholesaler.business.site,https://ali-market-clothes-and-fabric-wholesaler.business.site/,Pakistan,Islamabad,B-11,overture=clothing_store,,UNKNOWN,23,discovery category 'overture=clothing_store' matches campaign target; website unavailable: discovery record alone is insufficient evidence,0,0,27,in target country (Pakistan); in target city (Islamabad); company type unknown: insufficient evidence; website unreachable; quality notes: website unreachable (status_404); no public contact details; mobile number published (owner-level contact),,,xsdeny@aol.com,mx_valid,+923009566592,,,,based in Islamabad,overture,https://explore.overturemaps.org/#24af857b-d559-4d20-96c4-7032bbed2c31,2026-09-25T14:57:56+00:00,false,not_queued,,,,
lead_2b661b22f204,retail-isb-001,Ghulam Nabi Sanitary store,gnsanitary.com,http://gnsanitary.com/,Pakistan,Islamabad,"Plaza I, 134 Iqbal Rd",overture=home_goods_store,,UNKNOWN,23,discovery category 'overture=home_goods_store' matches campaign target; buyer terms in company identity: store; website unavailable: discovery record alone is insufficient evidence,0,0,27,in target country (Pakistan); in target city (Islamabad); company type unknown: insufficient evidence; website unreachable; quality notes: website unreachable (http_error:ConnectError); no public contact details; mobile number published (owner-level contact),,,gnsanitary134@gmail.com,mx_valid,+923185855599,,,,based in Islamabad,overture,https://explore.overturemaps.org/#211ffa2e-a2e4-44ae-858a-9a9f23434e5c,2026-09-25T14:58:32+00:00,false,not_queued,,,,
lead_406d70cb2979,retail-isb-001,Noon Styles,noonstyles.business.site,https://noonstyles.business.site/?utm_source=gmb&utm_medium=referral,Pakistan,Islamabad,"Noon Styles City Centre, Bank Rd",overture=clothing_store,,UNKNOWN,23,discovery category 'overture=clothing_store' matches campaign target; website unavailable: discovery record alone is insufficient evidence,0,0,27,in target country (Pakistan); in target city (Islamabad); company type unknown: insufficient evidence; website unreachable; quality notes: website unreachable (status_404); no public contact details; mobile number published (owner-level contact),,,noonstyles1@gmail.com,mx_valid,+923303566661,,,,based in Islamabad,overture,https://explore.overturemaps.org/#1f1dea52-94a4-41be-af89-fe6e49240227,2026-09-25T14:58:38+00:00,false,not_queued,,,,
lead_3b31a6b0497f,retail-isb-001,AL-Arees,alarees.pk,https://alarees.pk/,Pakistan,Islamabad,"Shop# C-2, 2nd Floor, Gakhar Plaza, Bank Rd",overture=mens_clothing_store,,UNKNOWN,23,discovery category 'overture=mens_clothing_store' matches campaign target; website unavailable: discovery record alone is insufficient evidence,0,0,27,in target country (Pakistan); in target city (Islamabad); company type unknown: insufficient evidence; website unreachable; quality notes: website unreachable (http_error:ConnectError); no public contact details; mobile number published (owner-level contact),,,alareespakistan@gmail.com,mx_valid,+923365237780,,,,based in Islamabad,overture,https://explore.overturemaps.org/#9eb653fe-cba4-46c5-b866-228438a106e8,2026-09-25T14:59:02+00:00,false,not_queued,,,,
lead_a6deca8b15be,retail-isb-001,The Zeco Shoes,zecoshoes.com,http://ww17.zecoshoes.com/,Pakistan,Islamabad,"Shop # G7, Rizwan Arcade",overture=shoe_store,,UNKNOWN,23,discovery category 'overture=shoe_store' matches campaign target; website unavailable: discovery record alone is insufficient evidence,0,0,27,in target country (Pakistan); in target city (Islamabad); company type unknown: insufficient evidence; website unreachable; quality notes: website rejected: almost no content (44 chars); no public contact details; mobile number published (owner-level contact),,,zecoshoesoffical@gmail.com,mx_valid,+923101230004,,,,based in Islamabad,overture,https://explore.overturemaps.org/#a49e0e5c-d02a-49fa-b164-66cab07e162f,2026-09-25T14:59:15+00:00,false,not_queued,,,,
lead_2986b2cccc91,retail-isb-001,AH Garments and Cloths,al-hadi-garments.business.site,https://al-hadi-garments.business.site/,Pakistan,Islamabad,"Khaanda dak, Link Rd",overture=clothing_store,,UNKNOWN,23,discovery category 'overture=clothing_store' matches campaign target; website unavailable: discovery record alone is insufficient evidence,0,0,27,in target country (Pakistan); in target city (Islamabad); company type unknown: insufficient evidence; website unreachable; quality notes: website unreachable (status_404); no public contact details; mobile number published (owner-level contact),,,nabeelinyat85@gmail.com,mx_valid,+923185839497,,,,based in Islamabad,overture,https://explore.overturemaps.org/#d0b980e6-c3c1-4477-9a87-08d2d26e51f6,2026-09-25T14:59:49+00:00,false,not_queued,,,,
lead_e290e2744fcc,retail-isb-001,Seen Fabrics,seenfabrics.business.site,http://seenfabrics.business.site/,Pakistan,Islamabad,"Shop# 10, Maqbool Plaza, Khanna Rd",overture=clothing_store,,UNKNOWN,23,discovery category 'overture=clothing_store' matches campaign target; website unavailable: discovery record alone is insufficient evidence,0,0,27,in target country (Pakistan); in target city (Islamabad); company type unknown: insufficient evidence; website unreachable; quality notes: website unreachable (status_404); no public contact details; mobile number published (owner-level contact),,,seenfabrics@gmail.com,mx_valid,+923335742953,,,,based in Islamabad,overture,https://explore.overturemaps.org/#d7bfa823-e55b-4a15-903d-58a70bf82cfa,2026-09-25T14:59:51+00:00,false,not_queued,,,,
lead_28ed2b2ee724,retail-isb-001,Soghat garments,soghat-garments.business.site,https://soghat-garments.business.site/?utm_source=gmb&utm_medium=referral,Pakistan,Islamabad,Road,overture=clothing_store,,UNKNOWN,23,discovery category 'overture=clothing_store' matches campaign target; website unavailable: discovery record alone is insufficient evidence,0,0,27,in target country (Pakistan); in target city (Islamabad); company type unknown: insufficient evidence; website unreachable; quality notes: website unreachable (status_404); no public contact details; mobile number published (owner-level contact),,,sheikhsuleman125@gmail.com,mx_valid,+923215346416,,,,based in Islamabad,overture,https://explore.overturemaps.org/#278c78f8-c4d7-4a18-89b0-117bb196f310,2026-09-25T15:01:29+00:00,false,not_queued,,,,
lead_01167cf6b0ef,retail-isb-001,Metro Furniture,metrofurniture.com.pk,https://metrofurniture.com.pk/,Pakistan,Islamabad,"Furnitur, Market, Mateen plaza, Golra Rd, opp. CMT",overture=furniture_store,,UNKNOWN,23,discovery category 'overture=furniture_store' matches campaign target; buyer terms in company identity: furniture; website unavailable: discovery record alone is insufficient evidence,0,0,27,in target country (Pakistan); in target city (Islamabad); company type unknown: insufficient evidence; website unreachable; quality notes: website rejected: almost no content (0 chars); no public contact details; mobile number published (owner-level contact),,,metrofurniture.pk@gmail.com,mx_valid,+923165017422,,,,based in Islamabad,overture,https://explore.overturemaps.org/#f4116f9a-8274-4e47-966c-328bf29e61e6,2026-09-25T15:02:43+00:00,false,not_queued,,,,
lead_00f6069a204c,retail-isb-001,Grand Wood.,thegrandwood.com,https://thegrandwood.com/,Pakistan,Islamabad,"grand wood furniture, suleman town, golra road islamabad",overture=furniture_store,,UNKNOWN,23,discovery category 'overture=furniture_store' matches campaign target; website unavailable: discovery record alone is insufficient evidence,0,0,27,in target country (Pakistan); in target city (Islamabad); company type unknown: insufficient evidence; website unreachable; quality notes: website rejected: almost no content (0 chars); no public contact details; mobile number published (owner-level contact),,,mwfurniturehouse@gmail.com,mx_valid,+923105834301,,,,based in Islamabad,overture,https://explore.overturemaps.org/#b85b763f-fac3-4fec-9d0b-50405a9918b0,2026-09-25T15:02:58+00:00,false,not_queued,,,,
lead_57fd9a521a6a,retail-isb-001,Rang Bari,rangbari.pk,http://www.rangbari.pk/,Pakistan,Islamabad,St 4,overture=womens_clothing_store,,UNKNOWN,23,discovery category 'overture=womens_clothing_store' matches campaign target; website unavailable: discovery record alone is insufficient evidence,0,0,27,in target country (Pakistan); in target city (Islamabad); company type unknown: insufficient evidence; website unreachable; quality notes: website unreachable (blocked); no public contact details; mobile number published (owner-level contact),,,fustaan.online@gmail.com,mx_valid,+923425344520,,,,based in Islamabad,overture,https://explore.overturemaps.org/#e3770e9f-8f08-4239-9743-903c84aa7b49,2026-09-25T15:03:00+00:00,false,not_queued,,,,
lead_6c559e505bb7,retail-isb-001,Javaid Communications Mobile Repairing,javaidcom.com,http://www.javaidcom.com/,Pakistan,Islamabad,"Shop # 2,3 Basement, Danyal Plaza, 4th-B Road, Chandni Chowk Flyover",overture=mobile_phone_store,,UNKNOWN,23,discovery category 'overture=mobile_phone_store' matches campaign target; website unavailable: discovery record alone is insufficient evidence,0,0,27,in target country (Pakistan); in target city (Islamabad); company type unknown: insufficient evidence; website unreachable; quality notes: website unreachable (http_error:ConnectError); no public contact details; mobile number published (owner-level contact),,,javaidcom@gmail.com,mx_valid,+923160666666,,,,based in Islamabad,overture,https://explore.overturemaps.org/#f2745db2-8895-409d-a588-2b48b41b2bc0,2026-09-25T15:03:18+00:00,false,not_queued,,,,
lead_c4df9f3d4efd,retail-isb-001,Rabi Center,rabicenter.com,http://rabicenter.com/,Pakistan,Islamabad,"Rabi Center, Service Rd N",overture=clothing_store,,UNKNOWN,23,discovery category 'overture=clothing_store' matches campaign target; website unavailable: discovery record alone is insufficient evidence,0,0,27,in target country (Pakistan); in target city (Islamabad); company type unknown: insufficient evidence; website unreachable; quality notes: website rejected: almost no content (0 chars); no public contact details; mobile number published (owner-level contact),,,rabicenterandkhandihati@yahoo.com,mx_valid,+923215507118,,,,based in Islamabad,overture,https://explore.overturemaps.org/#9d7453cb-08e0-4471-9bb5-dc98350d968a,2026-09-25T15:03:32+00:00,false,not_queued,,,,
lead_f13423885dc9,retail-isb-001,VelSuraWear,velsurawear.com,https://velsurawear.com/,Pakistan,Islamabad,"Ghauri Garden Lehtrar, Road",overture=clothing_store,,UNKNOWN,23,discovery category 'overture=clothing_store' matches campaign target; website unavailable: discovery record alone is insufficient evidence,0,0,27,in target country (Pakistan); in target city (Islamabad); company type unknown: insufficient evidence; website unreachable; quality notes: website rejected: almost no content (0 chars); no public contact details; mobile number published (owner-level contact),,,verlsurawear@gmail.com,mx_valid,+923004807134,,,,based in Islamabad,overture,https://explore.overturemaps.org/#be713a0c-461e-4b4f-81ad-73943b054ce4,2026-09-25T15:03:43+00:00,false,queued,,,,
lead_edc1ea2c27b1,retail-isb-001,LOGO SHOES sattlite town rawalpindi,logo.com.pk,http://www.logo.com.pk/,Pakistan,Islamabad,D 685 5ft road sattlite town rawalpindi,overture=shoe_store,,UNKNOWN,23,discovery category 'overture=shoe_store' matches campaign target; website unavailable: discovery record alone is insufficient evidence,0,0,27,in target country (Pakistan); in target city (Islamabad); company type unknown: insufficient evidence; website unreachable; quality notes: website unreachable (status_200); no public contact details; mobile number published (owner-level contact),,,cmp.logo@gmail.com,mx_valid,+923205646137,,,,based in Islamabad,overture,https://explore.overturemaps.org/#31de3e2e-87ec-4833-82c8-75b4b8041756,2026-09-25T15:03:47+00:00,false,not_queued,,,,
lead_059332e76f60,retail-isb-001,Kidko - Commercial Market,kidko.pk,http://kidko.pk/,Pakistan,Islamabad,"D, Ground Floor, Muhammad Arcade, 808 Fifth Rd",overture=clothing_store,,UNKNOWN,23,discovery category 'overture=clothing_store' matches campaign target; website unavailable: discovery record alone is insufficient evidence,0,0,27,in target country (Pakistan); in target city (Islamabad); company type unknown: insufficient evidence; website unreachable; quality notes: website unreachable (status_409); no public contact details; mobile number published (owner-level contact),,,kidkopakistan@gmail.com,mx_valid,+923335164819,,,,based in Islamabad,overture,https://explore.overturemaps.org/#31dc5c56-9a8c-418d-ab49-2ed2e1da674e,2026-09-25T15:03:49+00:00,false,not_queued,,,,
lead_12a94fc7a800,retail-isb-001,London dress house,websites.co.in,https://londondresshouse.websites.co.in/,Pakistan,Islamabad,Commercial Market Rd,overture=mens_clothing_store,,UNKNOWN,23,discovery category 'overture=mens_clothing_store' matches campaign target; website unavailable: discovery record alone is insufficient evidence,0,0,27,in target country (Pakistan); in target city (Islamabad); company type unknown: insufficient evidence; website unreachable; quality notes: website unreachable (blocked); no public contact details; mobile number published (owner-level contact),,,londondresshouse@gmail.com,mx_valid,+923005274371,,,,based in Islamabad,overture,https://explore.overturemaps.org/#cf548fc9-0d77-428f-b916-b47a9ec7c7d2,2026-09-25T15:03:59+00:00,false,not_queued,,,,
lead_8beb6019b51e,retail-isb-001,MMA Bridal Store,google.com,"https://www.google.com/search?sca_esv=ee96f3d42c6f5c08&rlz=1C1CHBF_en-GBPK1221PK1221&sxsrf=APpeQnsyubVFi7tgVHc52_H0FdaOdOKiqQ:1783324689276&kgmid=/g/11zgkpg_6g&q=MMA+Bridal+Store&shem=dlvsc,epsd1,ltae,rimspwouoe,rimspwouohe&shndl=30&source=sh/x/loc/uni/m1/1&kgs=cc079e39724e9247&utm_source=dlvsc,epsd1,ltae,rimspwouoe,rimspwouohe,sh/x/loc/uni/m1/1",Pakistan,Islamabad,"Shop # 81, 1st Floor, RB2 Plaza",overture=fashion_boutique,,UNKNOWN,23,discovery category 'overture=fashion_boutique' matches campaign target; buyer terms in company identity: store; website unavailable: discovery record alone is insufficient evidence,0,0,27,"in target country (Pakistan); in target city (Islamabad); company type unknown: insufficient evidence; website unreachable; quality notes: website rejected: redirects to google.com, which is never a company's own site; no public contact details; mobile number published (owner-level contact)",,,mmabridalstore@gmail.com,mx_valid,+923135084680,,,,based in Islamabad,overture,https://explore.overturemaps.org/#4ea7d624-8d52-4de5-8f36-3238e6702796,2026-09-25T15:04:03+00:00,false,not_queued,,,,
lead_e03cb7a5b497,retail-isb-001,Bridal and Party dresses,zurwascollection.com,http://www.zurwascollection.com/,Pakistan,Islamabad,11,overture=womens_clothing_store,,UNKNOWN,23,discovery category 'overture=womens_clothing_store' matches campaign target; website unavailable: discovery record alone is insufficient evidence,0,0,27,in target country (Pakistan); in target city (Islamabad); company type unknown: insufficient evidence; website unreachable; quality notes: website rejected: almost no content (0 chars); no public contact details; mobile number published (owner-level contact),,,msiddiqua77@gmail.com,mx_valid,+923334612900,,,,based in Islamabad,overture,https://explore.overturemaps.org/#5b77ddb8-5fc5-4048-8bdc-6608766cd0ac,2026-09-25T15:04:33+00:00,false,not_queued,,,,
lead_da66aecdb4ed,retail-isb-001,TruVault360,truvault360.com,http://www.truvault360.com/,Pakistan,Islamabad,GF-03 Ground Floor 6th Road Noor Mobile Plaza,overture=mobile_phone_store,,UNKNOWN,23,discovery category 'overture=mobile_phone_store' matches campaign target; website unavailable: discovery record alone is insufficient evidence,0,0,27,in target country (Pakistan); in target city (Islamabad); company type unknown: insufficient evidence; website unreachable; quality notes: website unreachable (http_error:ConnectError); no public contact details; mobile number published (owner-level contact),,,truvault360@gmail.com,mx_valid,+923329999360,,,,based in Islamabad,overture,https://explore.overturemaps.org/#a5bb6117-a456-40b1-a133-d3a95081f66e,2026-09-25T15:04:56+00:00,false,not_queued,,,,
lead_71fdfceb5a23,retail-isb-001,Laptop clinic,laptop-clinic-electronics-store.business.site,http://laptop-clinic-electronics-store.business.site/,Pakistan,Islamabad,"Shop no 4-C basment, umair plaza, 6th Rd, next to Dubai Plaza",overture=electronics_store,,UNKNOWN,23,discovery category 'overture=electronics_store' matches campaign target; website unavailable: discovery record alone is insufficient evidence,0,0,27,in target country (Pakistan); in target city (Islamabad); company type unknown: insufficient evidence; website unreachable; quality notes: website unreachable (status_404); no public contact details; mobile number published (owner-level contact),,,manikayani0821@gmail.com,mx_valid,+923112224414,,,,based in Islamabad,overture,https://explore.overturemaps.org/#f1f81e77-ea07-4a49-90ae-416b3667ad1f,2026-09-25T15:05:04+00:00,false,not_queued,,,,
lead_7c07b0b70281,retail-isb-001,Furniture Design,furnituredesign.com.pk,https://furnituredesign.com.pk/,Pakistan,Islamabad,"House No 1, Ali Street, Al Qaim Town Rd, near Masjid Muhammad ur Rasolallah",overture=furniture_store,,UNKNOWN,23,discovery category 'overture=furniture_store' matches campaign target; buyer terms in company identity: furniture; website unavailable: discovery record alone is insufficient evidence,0,0,27,in target country (Pakistan); in target city (Islamabad); company type unknown: insufficient evidence; website unreachable; quality notes: website rejected: placeholder site ('coming soon'); no public contact details; mobile number published (owner-level contact),,,rezwanmustafa74@gmail.com,mx_valid,+923035872185,,,,based in Islamabad,overture,https://explore.overturemaps.org/#a4d204a6-c8ee-4124-9e54-ae384a7b2c6f,2026-09-25T15:05:14+00:00,false,not_queued,,,,
lead_5c7b01352071,retail-isb-001,Clothable,clothable.pk,http://www.clothable.pk/,Pakistan,Islamabad,"1st Floor, Street 85",overture=clothing_store,,UNKNOWN,23,discovery category 'overture=clothing_store' matches campaign target; website unavailable: discovery record alone is insufficient evidence,0,0,27,in target country (Pakistan); in target city (Islamabad); company type unknown: insufficient evidence; website unreachable; quality notes: website unreachable (blocked); no public contact details; mobile number published (owner-level contact),,,clothablepk@gmail.com,mx_valid,+923216452731,,,,based in Islamabad,overture,https://explore.overturemaps.org/#23913b54-bde2-412a-a45d-4968192b5653,2026-09-25T15:05:34+00:00,false,not_queued,,,,
lead_dcc9ae4d3cac,retail-isb-001,Addura Star,addurastar.pk,http://addurastar.pk/,Pakistan,Islamabad,"Shop # 3, Asf Height, Zubair Shah Rd",overture=shoe_store,,UNKNOWN,23,discovery category 'overture=shoe_store' matches campaign target; website unavailable: discovery record alone is insufficient evidence,0,0,27,in target country (Pakistan); in target city (Islamabad); company type unknown: insufficient evidence; website unreachable; quality notes: website unreachable (status_409); no public contact details; mobile number published (owner-level contact),,,addurastar.pk@gmail.com,mx_valid,+923357770163,,,,based in Islamabad,overture,https://explore.overturemaps.org/#bd8fadd9-def5-4f3d-8175-10f6dccbbe7c,2026-09-25T15:05:38+00:00,false,not_queued,,,,
lead_24c9cdecac6e,retail-isb-001,Beymen Fabrics,beymen.pk,http://beymen.pk/,Pakistan,Islamabad,Interlace Rd,overture=mens_clothing_store,,UNKNOWN,23,discovery category 'overture=mens_clothing_store' matches campaign target; website unavailable: discovery record alone is insufficient evidence,0,0,27,in target country (Pakistan); in target city (Islamabad); company type unknown: insufficient evidence; website unreachable; quality notes: website unreachable (http_error:ConnectError); no public contact details; mobile number published (owner-level contact),,,beymenfabrics@gmail.com,mx_valid,+923140528182,,,,based in Islamabad,overture,https://explore.overturemaps.org/#25290e13-2921-4873-b9b8-34f9daf5c50b,2026-09-25T15:06:28+00:00,false,not_queued,,,,
lead_e005c852be83,retail-isb-001,Just Organic,hugedomains.com,https://www.hugedomains.com/domain_profile.cfm?d=go-organic.com,Pakistan,Islamabad,Plot#47 Street 3,overture=organic_grocery_store,,UNKNOWN,23,discovery category 'overture=organic_grocery_store' matches campaign target; website unavailable: discovery record alone is insufficient evidence,0,0,27,"in target country (Pakistan); in target city (Islamabad); company type unknown: insufficient evidence; website unreachable; quality notes: website rejected: redirects to hugedomains.com, which is never a company's own site; no public contact details; mobile number published (owner-level contact)",,,chooseme4u@gmail.com,mx_valid,+923069264390,,,,based in Islamabad,overture,https://explore.overturemaps.org/#77ba80cb-65f5-4a75-8a89-6fc6d2c250d8,2026-09-25T15:06:33+00:00,false,not_queued,,,,
lead_9073ed7912ee,retail-isb-001,The wood valley furniture is at shamsabad murre road rawlpindi,site.live,https://thewoodvalleyfurniture.site.live/,Pakistan,Islamabad,"Shop#1 Makkah plaza shamsabad, Murree Rd",overture=furniture_store,,UNKNOWN,23,discovery category 'overture=furniture_store' matches campaign target; buyer terms in company identity: furniture; website unavailable: discovery record alone is insufficient evidence,0,0,27,in target country (Pakistan); in target city (Islamabad); company type unknown: insufficient evidence; website unreachable; quality notes: website unreachable (http_error:ConnectError); no public contact details; mobile number published (owner-level contact),,,srdarshahzadkhan@gmail.com,mx_valid,+923465307802,,,,based in Islamabad,overture,https://explore.overturemaps.org/#6bcda54e-7bed-4845-82b1-4afe2d2758a3,2026-09-25T15:06:43+00:00,false,not_queued,,,,
lead_8d8a6064a973,retail-isb-001,Crafterse,crafterse.com,http://www.crafterse.com/,Pakistan,Islamabad,"House number of 470, Christian colony Double Road near Cricket Stadium",overture=furniture_store,,UNKNOWN,23,discovery category 'overture=furniture_store' matches campaign target; website unavailable: discovery record alone is insufficient evidence,0,0,27,in target country (Pakistan); in target city (Islamabad); company type unknown: insufficient evidence; website unreachable; quality notes: website unreachable (http_error:ConnectError); no public contact details; mobile number published (owner-level contact),,,ccrafterse@gmail.com,mx_valid,+923335498907,,,,based in Islamabad,overture,https://explore.overturemaps.org/#57a4a368-4087-48ff-be1d-bdd2db5b2b20,2026-09-25T15:06:47+00:00,false,not_queued,,,,
lead_258f86c3b23e,retail-isb-001,CSD Shopping Complex Westridge,csd.gov.pk,http://csd.gov.pk/,Pakistan,Islamabad,"CSD Shopping Complex, Westridge Market, Near Charring Cross.",overture=grocery_store,,UNKNOWN,23,discovery category 'overture=grocery_store' matches campaign target; website unavailable: discovery record alone is insufficient evidence,0,0,26,in target country (Pakistan); in target city (Islamabad); company type unknown: insufficient evidence; website unreachable; quality notes: website unreachable (blocked); no public contact details,,,csdscwest180@gmail.com,mx_valid,+9251111273111,,,,based in Islamabad,overture+osm,https://explore.overturemaps.org/#a2994922-ba2e-4ace-b30d-76177d9d9e4e,2026-09-25T14:57:21+00:00,false,not_queued,,,,
lead_7339e9da20c5,retail-isb-001,Hamza Collection Mens Wear,hamzacollectionmenswearbytayyyab.com,https://hamzacollectionmenswearbytayyyab.com/,Pakistan,Islamabad,"ground floor, Rizwan Arcade, Adam Jee Rd",overture=clothing_store,,UNKNOWN,23,discovery category 'overture=clothing_store' matches campaign target; website unavailable: discovery record alone is insufficient evidence,0,0,26,in target country (Pakistan); in target city (Islamabad); company type unknown: insufficient evidence; website unreachable; quality notes: website unreachable (robots_disallowed); no public contact details,,,hamzacollection064@gmail.com,mx_valid,+92515120455,,,,based in Islamabad,overture,https://explore.overturemaps.org/#c95184bb-cfae-4b4c-b6fd-ec8f761ef4fd,2026-09-25T14:59:37+00:00,false,not_queued,,,,
lead_a9c601b7746f,retail-isb-001,MS Communications Parts Wala,partswala.us,http://www.partswala.us/,Pakistan,Islamabad,"Shop No LG.48 Basment, rania Mall, Bank Rd",overture=mobile_phone_store,,UNKNOWN,23,discovery category 'overture=mobile_phone_store' matches campaign target; website unavailable: discovery record alone is insufficient evidence,0,0,26,in target country (Pakistan); in target city (Islamabad); company type unknown: insufficient evidence; website unreachable; quality notes: website unreachable (blocked); no public contact details,,,saqibms@gmail.com,mx_valid,+92518440494,,,,based in Islamabad,overture,https://explore.overturemaps.org/#f095c6f8-374a-4291-a2d0-6a0b33cdedaf,2026-09-25T14:59:39+00:00,false,not_queued,,,,
lead_11444a840f65,retail-isb-001,Shoprozo,shoprozo.com,http://www.shoprozo.com/,Pakistan,Islamabad,Qasim street Iqbal town Islamabad ,overture=womens_clothing_store,,UNKNOWN,23,discovery category 'overture=womens_clothing_store' matches campaign target; website unavailable: discovery record alone is insufficient evidence,0,0,26,in target country (Pakistan); in target city (Islamabad); company type unknown: insufficient evidence; website unreachable; quality notes: website rejected: almost no content (0 chars); no public contact details,,,shoprozo70@gmail.com,mx_valid,+923706674300,,,,based in Islamabad,overture,https://explore.overturemaps.org/#0574ff65-070e-49bd-b7e5-8e6061812867,2026-09-25T15:02:10+00:00,false,not_queued,,,,
lead_a7c532f9b882,retail-isb-001,Fabrino Cloth Store,fabrino.shop,http://www.fabrino.shop/,Pakistan,Islamabad,Fifth Rd,overture=clothing_store,,UNKNOWN,23,discovery category 'overture=clothing_store' matches campaign target; buyer terms in company identity: store; website unavailable: discovery record alone is insufficient evidence,0,0,26,in target country (Pakistan); in target city (Islamabad); company type unknown: insufficient evidence; website unreachable; quality notes: website unreachable (robots_disallowed); no public contact details,,,fabrinostore@gmail.com,mx_valid,+92514850482,,,,based in Islamabad,overture,https://explore.overturemaps.org/#48b5a4eb-258f-4347-b927-5a6ee565147c,2026-09-25T15:04:01+00:00,false,not_queued,,,,
lead_131b61a25228,retail-isb-001,Felco,felco.pk,http://www.felco.pk/,Pakistan,Islamabad,"Felco, Shop & 1&2, Ground Floor, Javaid Plaza, D.A.V. College Road",overture=electronics_store,,UNKNOWN,23,discovery category 'overture=electronics_store' matches campaign target; website unavailable: discovery record alone is insufficient evidence,0,0,25,in target country (Pakistan); in target city (Islamabad); company type unknown: insufficient evidence; website unreachable; quality notes: website unreachable (status_500); no public contact details; only a generic business mailbox is public; mobile number published (owner-level contact),,,sales@felco.pk,generic,+923360107475,,,,based in Islamabad,overture,https://explore.overturemaps.org/#422136e4-e51b-474e-9254-0a2e1325290d,2026-09-25T14:57:19+00:00,false,not_queued,,,,
lead_ba9e9a5d9ecf,retail-isb-001,collegeroadonline,collegeroadelectronics.com,http://www.collegeroadelectronics.com/,Pakistan,Islamabad,"Plaza, Projects Zone ,D.A.V. College Rd, Naya Mohalla TM, 1st",overture=electronics_store,,UNKNOWN,23,discovery category 'overture=electronics_store' matches campaign target; website unavailable: discovery record alone is insufficient evidence,0,0,25,in target country (Pakistan); in target city (Islamabad); company type unknown: insufficient evidence; website unreachable; quality notes: website unreachable (blocked); no public contact details; only a generic business mailbox is public; mobile number published (owner-level contact),,,sales@collegeroadelectronics.com,generic,+923155504005,,,,based in Islamabad,overture,https://explore.overturemaps.org/#73e79b6c-fd2b-4e15-b482-9d135c412fe4,2026-09-25T14:58:30+00:00,false,not_queued,,,,
lead_5bc9ef5d779c,retail-isb-001,Versature,versature.pk,https://versature.pk/,Pakistan,Islamabad,"Pump, Rawal Chowk, Main Petrol, near Hascol",overture=furniture_store,,UNKNOWN,23,discovery category 'overture=furniture_store' matches campaign target; website unavailable: discovery record alone is insufficient evidence,0,0,25,in target country (Pakistan); in target city (Islamabad); company type unknown: insufficient evidence; website unreachable; quality notes: website unreachable (robots_disallowed); no public contact details; only a generic business mailbox is public; mobile number published (owner-level contact),,,sales@versature.pk,generic,+923235365177,,,,based in Islamabad,overture,https://explore.overturemaps.org/#3d9c18d9-b6c2-45d4-b52e-55852e8234bf,2026-09-25T15:00:38+00:00,false,not_queued,,,,
lead_3a01d332626b,retail-isb-001,shazia bridal,instagram.com,https://www.instagram.com/accounts/login/?next=https%3A%2F%2Fwww.instagram.com%2Fdua_bridal_official&is_from_rle,Pakistan,Islamabad,c.145 c.145,overture=clothing_store,,UNKNOWN,23,discovery category 'overture=clothing_store' matches campaign target; website unavailable: discovery record alone is insufficient evidence,0,0,25,"in target country (Pakistan); in target city (Islamabad); company type unknown: insufficient evidence; website unreachable; quality notes: website rejected: redirects to instagram.com, which is never a company's own site; no public contact details; only a generic business mailbox is public; mobile number published (owner-level contact)",,,contact@duabridal.com,generic,+923205553737,,,,based in Islamabad,overture,https://explore.overturemaps.org/#99eb5bcc-1d11-490f-864b-59eaea060b48,2026-09-25T15:01:32+00:00,false,not_queued,,,,
lead_2500105e0ca9,retail-isb-001,Accoutre Clothing,accoutreclothing.com,https://accoutreclothing.com/,Pakistan,Islamabad,"Shop 1 Ground Floor, New Climate Plaza, Alia Market",overture=clothing_store,,UNKNOWN,23,discovery category 'overture=clothing_store' matches campaign target; buyer terms in company identity: clothing; website unavailable: discovery record alone is insufficient evidence,0,0,25,in target country (Pakistan); in target city (Islamabad); company type unknown: insufficient evidence; website unreachable; quality notes: website unreachable (blocked); no public contact details; only a generic business mailbox is public; mobile number published (owner-level contact),,,info@accoutreclothing.com,generic,+923355765923,,,,based in Islamabad,overture,https://explore.overturemaps.org/#74e46066-75b3-46ad-a8c3-fdf346035a32,2026-09-25T15:05:44+00:00,false,not_queued,,,,
lead_83483f12b23e,retail-isb-001,HBK Hypermarket Islamabad,hbkhypermarket.com,https://www.hbkhypermarket.com/,Pakistan,Islamabad,"HBK Hypermarket Islamabad, I-8 Markaz",overture=grocery_store,,UNKNOWN,23,discovery category 'overture=grocery_store' matches campaign target; website unavailable: discovery record alone is insufficient evidence,0,0,25,in target country (Pakistan); in target city (Islamabad); company type unknown: insufficient evidence; website unreachable; quality notes: website rejected: almost no content (16 chars); no public contact details; only a generic business mailbox is public; mobile number published (owner-level contact),,,customer.service@hbkhypermarket.com,generic,+923008677050,,,,based in Islamabad,overture,https://explore.overturemaps.org/#7848e947-ecd4-4789-9c5c-004aa04170df,2026-09-25T15:06:17+00:00,false,not_queued,,,,
lead_0cef9321eaba,retail-isb-001,Wadaan Collection,wadaan.pk,http://wadaan.pk/,Pakistan,Islamabad,"Shop B-12, Beijing Plaza, Gorden College Rd",overture=fashion_accessories_store,,UNKNOWN,23,discovery category 'overture=fashion_accessories_store' matches campaign target; website unavailable: discovery record alone is insufficient evidence,0,0,24,in target country (Pakistan); in target city (Islamabad); company type unknown: insufficient evidence; website unreachable; quality notes: website unreachable (http_error:ConnectError); no public contact details; mobile number published (owner-level contact),,,,none,+923125558322,,,,based in Islamabad,overture,https://explore.overturemaps.org/#2ce96db5-38cd-4fb7-b8e9-70d0a8829a60,2026-09-25T14:57:35+00:00,false,not_queued,,,,
lead_a01cc76cb2ea,retail-isb-001,Artisans,artisansstore.com,http://www.artisansstore.com/,Pakistan,Islamabad,"Office # i, 29 Alam Khan Rd",overture=shoe_store,,UNKNOWN,23,discovery category 'overture=shoe_store' matches campaign target; website unavailable: discovery record alone is insufficient evidence,0,0,24,in target country (Pakistan); in target city (Islamabad); company type unknown: insufficient evidence; website unreachable; quality notes: website rejected: almost no content (0 chars); no public contact details; mobile number published (owner-level contact),,,,none,+923335717767,,,,based in Islamabad,overture,https://explore.overturemaps.org/#6c162918-faa3-4ec5-a7cd-d8b32124250a,2026-09-25T14:58:25+00:00,false,not_queued,,,,
lead_841a3918749b,retail-isb-001,Royal Electric Traders,royaletraders.com,https://royaletraders.com/,Pakistan,Islamabad,A/54 2nd floor chaudhary market city saddar road Rawalpindi,overture=electronics_store,,UNKNOWN,23,discovery category 'overture=electronics_store' matches campaign target; website unavailable: discovery record alone is insufficient evidence,0,0,24,in target country (Pakistan); in target city (Islamabad); company type unknown: insufficient evidence; website unreachable; quality notes: website rejected: almost no content (0 chars); no public contact details; mobile number published (owner-level contact),,,,none,+923150318449,,,,based in Islamabad,overture,https://explore.overturemaps.org/#c765721d-98cb-44f8-adfd-4cc6b2a915d3,2026-09-25T14:58:27+00:00,false,not_queued,,,,
lead_f083e6cc9944,retail-isb-001,Honey Bunny Kids Clothing,honeybunny.pk,http://honeybunny.pk/,Pakistan,Islamabad,Shop no#6 Block A lower Ground Ghakhar plaza,overture=childrens_clothing_store,,UNKNOWN,23,discovery category 'overture=childrens_clothing_store' matches campaign target; buyer terms in company identity: clothing; website unavailable: discovery record alone is insufficient evidence,0,0,24,in target country (Pakistan); in target city (Islamabad); company type unknown: insufficient evidence; website unreachable; quality notes: website unreachable (robots_disallowed); no public contact details; mobile number published (owner-level contact),,,,none,+923315081700,,,,based in Islamabad,overture,https://explore.overturemaps.org/#e9d5b17b-4bf5-4e0a-b54e-bf2bee96d8ef,2026-09-25T14:58:40+00:00,false,not_queued,,,,
lead_41fbf5a5dbc6,retail-isb-001,Seasons Fabrics,seasonsfabrics-by-hr.business.site,https://seasonsfabrics-by-hr.business.site/,Pakistan,Islamabad,Barkat Plaza,overture=clothing_store,,UNKNOWN,23,discovery category 'overture=clothing_store' matches campaign target; website unavailable: discovery record alone is insufficient evidence,0,0,24,in target country (Pakistan); in target city (Islamabad); company type unknown: insufficient evidence; website unreachable; quality notes: website unreachable (status_404); no public contact details; mobile number published (owner-level contact),,,,none,+923035998478,,,,based in Islamabad,overture,https://explore.overturemaps.org/#0543a557-d0f6-465e-8136-d9e9aec75f4c,2026-09-25T14:59:08+00:00,false,not_queued,,,,
lead_eda06b33dcf4,retail-isb-001,Wearly,wearly.pk,http://www.wearly.pk/,Pakistan,Islamabad,"First Floor, Rabi Center, Shop# F-34",overture=childrens_clothing_store,,UNKNOWN,23,discovery category 'overture=childrens_clothing_store' matches campaign target; website unavailable: discovery record alone is insufficient evidence,0,0,24,in target country (Pakistan); in target city (Islamabad); company type unknown: insufficient evidence; website unreachable; quality notes: website unreachable (http_error:ConnectError); no public contact details; mobile number published (owner-level contact),,,connect@wearly.pk,invalid,+923058912118,,,,based in Islamabad,overture,https://explore.overturemaps.org/#2ba834b8-11ec-48f0-8ebf-46f0a43fee66,2026-09-25T14:59:35+00:00,false,not_queued,,,,
lead_4a581bb23fb7,retail-isb-001,Inam Furniture,inamfurniture.com,https://inamfurniture.com/,Pakistan,Islamabad,"B1 308 Kurri Rd, Sadiqabad",overture=furniture_store,,UNKNOWN,23,discovery category 'overture=furniture_store' matches campaign target; buyer terms in company identity: furniture; website unavailable: discovery record alone is insufficient evidence,0,0,24,in target country (Pakistan); in target city (Islamabad); company type unknown: insufficient evidence; website unreachable; quality notes: website unreachable (blocked); no public contact details; mobile number published (owner-level contact),,,,none,0310 0006555,,,,based in Islamabad,overture,https://explore.overturemaps.org/#39edaedb-2f13-415f-b9b6-71f9691aa84a,2026-09-25T15:00:05+00:00,false,not_queued,,,,
lead_f4b14f621434,retail-isb-001,Al Sher Group Quality Rice and Al shair group cattle farm,alshergroup.com,https://alshergroup.com/,Pakistan,Islamabad,بند کھنہ روڈ مسلم ٹاون نزد الکریم اسپتال راولپنڈی  \n,overture=grocery_store,,UNKNOWN,23,discovery category 'overture=grocery_store' matches campaign target; website unavailable: discovery record alone is insufficient evidence,0,0,24,in target country (Pakistan); in target city (Islamabad); company type unknown: insufficient evidence; website unreachable; quality notes: website rejected: placeholder site ('launching soon'); no public contact details; mobile number published (owner-level contact),,,,none,+923454367700,,,,based in Islamabad,overture,https://explore.overturemaps.org/#779eee1d-29c8-4102-bb64-41dbc4ae4e27,2026-09-25T15:00:36+00:00,false,not_queued,,,,
lead_f1a51937a969,retail-isb-001,Safa's Collection,zeenterprises.shop,http://www.zeenterprises.shop/,Pakistan,Islamabad,BB-398/D St 7 karimpura,overture=clothing_store,,UNKNOWN,23,discovery category 'overture=clothing_store' matches campaign target; website unavailable: discovery record alone is insufficient evidence,0,0,24,in target country (Pakistan); in target city (Islamabad); company type unknown: insufficient evidence; website unreachable; quality notes: website unreachable (robots_disallowed); no public contact details; mobile number published (owner-level contact),,,,none,+923390091985,,,,based in Islamabad,overture,https://explore.overturemaps.org/#ac4cf38e-9228-4a11-9bd1-0f7c698d5d9a,2026-09-25T15:00:40+00:00,false,not_queued,,,,
lead_685ace78b0df,retail-isb-001,Al Janat Mall,aljanatmall.com,https://www.aljanatmall.com/,Pakistan,Islamabad,"Al janat Mall, 5th Road, Satellite Town",overture=clothing_store,,UNKNOWN,23,discovery category 'overture=clothing_store' matches campaign target; website unavailable: discovery record alone is insufficient evidence,0,0,24,in target country (Pakistan); in target city (Islamabad); company type unknown: insufficient evidence; website unreachable; quality notes: website unreachable (http_error:ConnectError); no public contact details; mobile number published (owner-level contact),,,,none,+923319999993,,,,based in Islamabad,overture,https://explore.overturemaps.org/#c8c85baf-1496-45bd-88b2-30bf17be07e7,2026-09-25T15:04:12+00:00,false,not_queued,,,,
lead_4caec2cc7418,retail-isb-001,AM Mobile Mart,affaan-mobiles.business.site,https://affaan-mobiles.business.site/,Pakistan,Islamabad,"Shop # LG-17 lower Ground Noor Mobile Mall, 6th Rd",overture=mobile_phone_store,,UNKNOWN,23,discovery category 'overture=mobile_phone_store' matches campaign target; website unavailable: discovery record alone is insufficient evidence,0,0,24,in target country (Pakistan); in target city (Islamabad); company type unknown: insufficient evidence; website unreachable; quality notes: website unreachable (status_404); no public contact details; mobile number published (owner-level contact),,,,none,+923322666436,,,,based in Islamabad,overture,https://explore.overturemaps.org/#e43e78e2-1a31-40b6-9bf4-91da10342dee,2026-09-25T15:04:54+00:00,false,not_queued,,,,
lead_eaf1f114b2da,retail-isb-001,Navidwasim,navidwasim.com,https://navidwasim.com/,Pakistan,Islamabad,"Shop no 3,4 Basement Barkat Plaza Bank road ",overture=fashion_accessories_store,,UNKNOWN,23,discovery category 'overture=fashion_accessories_store' matches campaign target; website unavailable: discovery record alone is insufficient evidence,0,0,23,in target country (Pakistan); in target city (Islamabad); company type unknown: insufficient evidence; website unreachable; quality notes: website rejected: placeholder site ('coming soon'); no public contact details; no usable email,,,,none,,,,,based in Islamabad,overture,https://explore.overturemaps.org/#1602a904-66c3-4e14-8370-77d5ea865a87,2026-09-25T14:57:01+00:00,false,not_queued,,,,
lead_66c61defd681,retail-isb-001,College Road Electronics Store,colgroad.com,http://www.colgroad.com/,Pakistan,Islamabad,"Shop#11, Basement, Azhar shaheed Plaza, D.A.V. College Rd, Naya Mohalla",overture=electronics_store,,UNKNOWN,23,"discovery category 'overture=electronics_store' matches campaign target; buyer terms in company identity: store, electronics; website unavailable: discovery record alone is insufficient evidence",0,0,23,in target country (Pakistan); in target city (Islamabad); company type unknown: insufficient evidence; website unreachable; quality notes: website unreachable (blocked); no public contact details; no usable email,,,,none,0515762135,,,,based in Islamabad,overture,https://explore.overturemaps.org/#fc87c9fe-eac9-4111-bb1b-53786c0f31b2,2026-09-25T14:57:49+00:00,false,not_queued,,,,
lead_47aa8a6e6ce3,retail-isb-001,MS Fabrics,ms-fabrics-clothing-store.business.site,https://ms-fabrics-clothing-store.business.site/,Pakistan,Islamabad,"Shop 68, Makkah cloth market",overture=clothing_store,,UNKNOWN,23,discovery category 'overture=clothing_store' matches campaign target; website unavailable: discovery record alone is insufficient evidence,0,0,23,in target country (Pakistan); in target city (Islamabad); company type unknown: insufficient evidence; website unreachable; quality notes: website unreachable (status_404); no public contact details; no usable email,,,,none,+92515552661,,,,based in Islamabad,overture,https://explore.overturemaps.org/#71c02d7e-12cc-42ba-9c74-8b656d137786,2026-09-25T15:01:24+00:00,false,not_queued,,,,
lead_8d8105cd5f3d,retail-isb-001,Nishat Linen,nishatlinen.com,https://nishatlinen.com/pk/home,Pakistan,Islamabad,"Plot # 221-B, 4th Road near Chandni Chowk, Satellite Town",overture=clothing_store,,UNKNOWN,23,discovery category 'overture=clothing_store' matches campaign target; website unavailable: discovery record alone is insufficient evidence,0,0,23,in target country (Pakistan); in target city (Islamabad); company type unknown: insufficient evidence; website unreachable; quality notes: website unreachable (status_404); no public contact details; no usable email,,,,none,+92512716033,,,,based in Islamabad,overture+osm,https://explore.overturemaps.org/#2aa8f872-c641-47f5-9861-3bd50c9aac1b,2026-09-25T15:04:24+00:00,false,not_queued,,,,
lead_9379258fe6af,retail-isb-001,AA Cash and Carry,arcashandcarry.com,http://www.arcashandcarry.com/,Pakistan,Islamabad,Service Road West,overture=grocery_store,,UNKNOWN,23,discovery category 'overture=grocery_store' matches campaign target; website unavailable: discovery record alone is insufficient evidence,0,0,23,in target country (Pakistan); in target city (Islamabad); company type unknown: insufficient evidence; website unreachable; quality notes: website rejected: almost no content (44 chars); no public contact details; no usable email,,,,none,+92518485636,,,,based in Islamabad,overture,https://explore.overturemaps.org/#90ce44c0-2aa2-45b9-941e-198ad42e2ea5,2026-09-25T15:05:06+00:00,false,not_queued,,,,
lead_85144d21b02b,retail-isb-001,It Store,itstore.pk,http://www.itstore.pk/,Pakistan,Islamabad,Midway Centrum Murree Road ,overture=electronics_store,,UNKNOWN,23,discovery category 'overture=electronics_store' matches campaign target; buyer terms in company identity: store; website unavailable: discovery record alone is insufficient evidence,0,0,23,in target country (Pakistan); in target city (Islamabad); company type unknown: insufficient evidence; website unreachable; quality notes: website unreachable (http_error:ConnectError); no public contact details; no usable email,,,,none,+92518434700,,,,based in Islamabad,overture,https://explore.overturemaps.org/#e3902524-655e-4943-b1aa-33927f0b1325,2026-09-25T15:05:55+00:00,false,not_queued,,,,
