lead_id,campaign_id,company_name,domain,website,country,city,address,industry,company_description,company_type,buyer_fit_score,buyer_fit_reason,company_quality_score,buying_signal_score,total_score,score_reason,contact_name,contact_role,contact_email,email_status,phone,linkedin_or_public_profile_url,pain_signal,buying_signal,personalization_hook,source,source_url,scraped_at,outreach_ready,sequence_status,email_1_sent_at,followup_1_at,followup_2_at,reply_status
lead_8b1e999b99c2,retail-isb-001,RBS Interiors,rbsinteriors.com,https://rbsinteriors.com/,Pakistan,Islamabad,"Malik Plaza, Main Golra Rd, near Railway Road, opposite CMT, H-13",overture=furniture_store,Explore top-quality Office furniture including office chairs bedroom furniture & Restaurant Furniture custom kitchen & door designs in Pakistan.,BUYER,65,"discovery category 'overture=furniture_store' matches campaign target; buyer terms in company identity: furniture; buyer terms in page text: store, brand, shop, online store, e-commerce",15,8,97,"in target country (Pakistan); in target city (Islamabad); 4 ICP term(s) matched: furniture, store, brand, shop; decision-maker found: Mark Jance (CEO / FOUNDER); mobile number published (owner-level contact); ecommerce platform detected: woocommerce; young domain (0.9 y): new or recently relaunched business; buying signals: ecommerce_active; pain signals: customer_service_load",Mark Jance,CEO / FOUNDER,rbsinteriorsofficial@gmail.com,mx_valid,+923099777970,,customer_service_load: whatsapp us,"ecommerce_active: add to cart, shop now",based in Islamabad; sells online; runs on woocommerce; takes orders over WhatsApp/DM; recently launched online,overture,https://explore.overturemaps.org/#97b7acdd-417b-44d1-8b3e-43c0cf3b7b4c,2026-09-24T18:46:30+00:00,true,not_queued,,,,
lead_27b0dc3edc73,retail-isb-001,Ittefaq Electronics,ittefaqsay.com,https://ittefaqsay.com/,Pakistan,Islamabad,,overture=electronics_store,Haier HWM 85-826 Grey 8.5 Kg Fully Automatic Washing Machine · Haier HWM 85-826 E Fully Automatic Washing Machine 8.5 Kg · Dawlance DWSM 2971 B Sandwich Maker.,BUYER,65,"discovery category 'overture=electronics_store' matches campaign target; buyer terms in company identity: electronics; buyer terms in page text: retail, store, brand, shop, online store",15,10,92,"in target country (Pakistan); in target city (Islamabad); 4 ICP term(s) matched: electronics, retail, store, brand; only a generic business mailbox is public; mobile number published (owner-level contact); ecommerce platform detected: woocommerce; intent: rfq – …cart Compare Quick view Add to wishlist Haier HSU; buying signals: hiring, ecommerce_active, operations_scale, intent",,,sales@ittefaqsay.com,generic,03099991959,,,"hiring: careers; ecommerce_active: add to cart, shop now; operations_scale: branches, outlets; intent: rfq: …cart Compare Quick view Add to wishlist Haier HSU-19RFP 1.5",based in Islamabad; sells online; operates multiple branches/outlets; currently hiring; runs on woocommerce; has a live request for quotations,overture,https://explore.overturemaps.org/#a2101bd0-f231-4d3c-9a64-de0cdbd3044a,2026-09-24T18:42:46+00:00,true,not_queued,,,,
lead_6788f9a32e8e,retail-isb-001,Rakht Clothing Store,rakht.com.pk,https://rakht.com.pk/,Pakistan,Islamabad,,overture=fashion_and_apparel_store,"Rakht offers premium unstitched Lawn Dresses, Linen, Marina & Chikan Kari women’s fabric in Pakistan. Shop elegant Pakistani women clothing with latest designs & quality fabric.",BUYER,62,"discovery category 'overture=fashion_and_apparel_store' matches campaign target; buyer terms in company identity: store, shop, clothing; buyer terms in page text: brand, fashion; buyer evidence outweighs weaker vendor mentions",15,7,92,"in target country (Pakistan); in target city (Islamabad); 4 ICP term(s) matched: store, shop, clothing, brand; minor vendor mentions present: our clients; decision-maker found: NOOR HABIB (CEO); only a generic business mailbox is public; mobile number published (owner-level contact); ecommerce platform detected: shopify; buying signals: ecommerce_active, operations_scale",NOOR HABIB,CEO,info@rakht.com.pk,generic,0300 1172548,,,"ecommerce_active: add to cart, shop now; operations_scale: nationwide, warehouse",based in Islamabad; sells online; operates multiple branches/outlets; runs on shopify,overture,https://explore.overturemaps.org/#e219d946-042e-4dc2-991b-a072774cf8b8,2026-09-24T18:45:10+00:00,true,not_queued,,,,
lead_fa56efff8a69,retail-isb-001,Heart Beat Lawrencepur (Suiting & Fabric's),lawrencepur.com,https://lawrencepur.com/,Pakistan,Islamabad,Shop no 1/c Barkat plaza bank road Saddar Rawalpindi Bank Road Saddar,overture=clothing_store,"Shop men&#39;s formal suits, Shalwar Kameez and premium fabrics from Lawrencepur. Discover refined menswear and luxury tailoring for every occasion.",BUYER,65,"discovery category 'overture=clothing_store' matches campaign target; buyer terms in company identity: brand, shop, clothing; buyer terms in page text: retail, store, online store",15,7,91,"in target country (Pakistan); in target city (Islamabad); 4 ICP term(s) matched: brand, shop, clothing, retail; only a generic business mailbox is public; mobile number published (owner-level contact); ecommerce platform detected: shopify; buying signals: ecommerce_active, operations_scale",,,customercare@lawrencepur.com,generic,0309-2220061,https://linkedin.com/company/lawrencepurofficial,,"ecommerce_active: shop now, checkout; operations_scale: across pakistan",based in Islamabad; sells online; operates multiple branches/outlets; runs on shopify,overture,https://explore.overturemaps.org/#81c7445a-54f2-465d-90db-2caec08dc2f2,2026-09-24T18:42:42+00:00,true,not_queued,,,,
lead_3d4c10363ab1,retail-isb-001,Imtiaz Mega - Gulberg Greens - Islamabad,imtiaz.com.pk,https://imtiaz.com.pk/,Pakistan,Islamabad,"Round About, Islamabad Expy",overture=department_store,"We offer a convenient shopping experience, allowing you to buy everything under one roof, from everyday essentials to countless more products at the best prices in town.",BUYER,65,"discovery category 'overture=department_store' matches campaign target; buyer terms in company identity: retail, shop; buyer terms in page text: store, electronics, grocery",15,7,91,"in target country (Pakistan); in target city (Islamabad); 4 ICP term(s) matched: retail, shop, store, electronics; only a generic business mailbox is public; ecommerce platform detected: woocommerce; buying signals: hiring, operations_scale",,,hello@imtiaz.com.pk,generic,+9221111468429,https://www.linkedin.com/company/imtiazstores,,hiring: careers; operations_scale: branches,based in Islamabad; operates multiple branches/outlets; currently hiring; runs on woocommerce,overture,https://explore.overturemaps.org/#8891a239-af15-485b-a9e4-ad5d6fa74b6c,2026-09-24T18:43:46+00:00,true,not_queued,,,,
lead_9b4340061fc8,retail-isb-001,Al-Noor Bazaar,alnoorbazaar.com,https://alnoorbazaar.com/,Pakistan,Islamabad,"Al Noor Traders, near Amar Pak, Murree Road",overture=furniture_store,"Discover quality furniture for your home, office, school at Al-Noor Bazaar. Budget-friendly prices, bulk deals and delivery across Pakistan with easy payment options",BUYER,65,"discovery category 'overture=furniture_store' matches campaign target; buyer terms in company identity: store, shop, furniture; buyer terms in page text: brand, outlet",15,8,90,"in target country (Pakistan); in target city (Islamabad); 4 ICP term(s) matched: store, shop, furniture, brand; only a generic business mailbox is public; mobile number published (owner-level contact); ecommerce platform detected: woocommerce; buying signals: ecommerce_active, operations_scale; pain signals: customer_service_load",,,info@alnoorbazaar.com,generic,+92 3125171827,,customer_service_load: whatsapp us,"ecommerce_active: add to cart, checkout; operations_scale: across pakistan",based in Islamabad; sells online; operates multiple branches/outlets; runs on woocommerce; takes orders over WhatsApp/DM,overture,https://explore.overturemaps.org/#bf0c427b-d71e-4d95-956c-d510226f6bfc,2026-09-24T18:45:04+00:00,true,not_queued,,,,
lead_c3f54c064ece,retail-isb-001,Umar Electronics,umarelectronics.pk,https://umarelectronics.pk/,Pakistan,Islamabad,Murree Rd,overture=electronics_store,"Umarelectronics is a leading online electronics shop offering a diverse range of original products in twin cities, Rawalpindi and Islamabad.",BUYER,62,"discovery category 'overture=electronics_store' matches campaign target; buyer terms in company identity: store, shop, electronics; buyer terms in page text: retail, brand, showroom, clothing; buyer evidence outweighs weaker vendor mentions",15,10,89,"in target country (Pakistan); in target city (Islamabad); 4 ICP term(s) matched: store, shop, electronics, retail; minor vendor mentions present: portfolio; only a generic business mailbox is public; mobile number published (owner-level contact); ecommerce platform detected: woocommerce; buying signals: expansion, ecommerce_active, operations_scale; pain signals: customer_service_load",,,info@umarelectronics.pk,generic,0311-7862200,,customer_service_load: whatsapp us,expansion: expanding; ecommerce_active: add to cart; operations_scale: across pakistan,based in Islamabad; sells online; operates multiple branches/outlets; recently expanding; runs on woocommerce; takes orders over WhatsApp/DM,overture,https://explore.overturemaps.org/#0855bf71-731c-4e54-86eb-615b305bd5af,2026-09-24T18:44:46+00:00,true,not_queued,,,,
lead_e853f09deb39,retail-isb-001,Lahore Cloth Depot,lahorecloth.com,https://lahorecloth.com/,Pakistan,Islamabad,Asghar Mall Rd,overture=clothing_store,"Buy original branded lawn suits, branded wedding dresses, casual and festive suits. Pakistani latest branded collections Maria B suits, Elan suits, Charizma suits, Zara Shahjahan suits, Zellbury suits, Limeligh suits and many other famous brands collections.",BUYER,65,"discovery category 'overture=clothing_store' matches campaign target; buyer terms in company identity: shop, fashion; buyer terms in page text: store, clothing",15,4,88,"in target country (Pakistan); in target city (Islamabad); 4 ICP term(s) matched: shop, fashion, store, clothing; mobile number published (owner-level contact); ecommerce platform detected: shopify; buying signals: ecommerce_active",,,%20lahoreclothdepotofficial@gmail.com,mx_valid,+92 318 966 6345,,,"ecommerce_active: add to cart, free shipping",based in Islamabad; sells online; runs on shopify,overture,https://explore.overturemaps.org/#e08108c3-8da8-4603-ae6c-8153a56ad43e,2026-09-24T18:44:38+00:00,true,not_queued,,,,
lead_27c8183ba7f5,retail-isb-001,Glow Interiors,glowinteriors.design,https://www.glowinteriors.design/,Pakistan,Islamabad,"Ground Floor, Plaza, 45 Golra Rd",overture=furniture_store,"Luxury interior design, architecture, construction, furniture",BUYER,62,"discovery category 'overture=furniture_store' matches campaign target; vendor terms in company identity: consultancy; buyer terms in company identity: furniture; buyer terms in page text: brand, outlet, showroom; buyer evidence outweighs weaker vendor mentions",15,2,87,"in target country (Pakistan); in target city (Islamabad); 4 ICP term(s) matched: furniture, brand, outlet, showroom; minor vendor mentions present: get a quote; decision-maker found: Ismael Khattak (Former Chief Executive Officer); only a generic business mailbox is public; mobile number published (owner-level contact); buying signals: operations_scale",Ismael Khattak,Former Chief Executive Officer,info@glowinteriors.design,generic,03173331290,,,operations_scale: across pakistan,based in Islamabad; operates multiple branches/outlets,overture,https://explore.overturemaps.org/#9dae6f81-a85b-4c18-bd6f-32ef735d33d4,2026-09-24T18:46:13+00:00,true,not_queued,,,,
lead_48c70890d4b9,retail-isb-001,Image,image1993.com,https://pk.image1993.com/,Pakistan,Islamabad,CB998 Bank Rd,overture=clothing_store,"Discover IMAGE 1993, a leading Pakistani clothing store. Timeless fashion, premium Ready to Wear designs, seasonal collections & SALE await.",BUYER,65,"discovery category 'overture=clothing_store' matches campaign target; buyer terms in company identity: store, online store, clothing, fashion; buyer terms in page text: brand",15,4,86,"in target country (Pakistan); in target city (Islamabad); 4 ICP term(s) matched: store, online store, clothing, fashion; only a generic business mailbox is public; mobile number published (owner-level contact); ecommerce platform detected: shopify; buying signals: ecommerce_active",,,customerservice@image1993.com,generic,+92-308-3082222,,,ecommerce_active: track your order,based in Islamabad; sells online; runs on shopify,overture,https://explore.overturemaps.org/#180227c3-f38c-4ba7-9a58-74bb82401c88,2026-09-24T18:42:29+00:00,true,not_queued,,,,
lead_ae8a2c5cf667,retail-isb-001,Japan Electronics,japanelectronics.com.pk,https://japanelectronics.com.pk/,Pakistan,Islamabad,"Shop # 05, Al, Chandni Chowk Murree Rd",overture=electronics_store,"Japan Electronics | Find the Best Home Appliances like AC Inverters, Refrigerators, Geysers. Hoods and Hobs, Ovens, LED TV, Air Fryer, Washing Machine, Kitchen Appliances with best prices in Pakistan.",BUYER,62,"discovery category 'overture=electronics_store' matches campaign target; buyer terms in company identity: store, shop, electronics; buyer terms in page text: online store; buyer evidence outweighs weaker vendor mentions",15,4,85,"in target country (Pakistan); in target city (Islamabad); 4 ICP term(s) matched: store, shop, electronics, online store; minor vendor mentions present: trusted by; only a generic business mailbox is public; mobile number published (owner-level contact); ecommerce platform detected: shopify; buying signals: operations_scale",,,info@japanelectronics.pk,generic,+92 326 8397802,https://www.linkedin.com/company/japan-electronics,,"operations_scale: branches, nationwide",based in Islamabad; operates multiple branches/outlets; runs on shopify,overture+osm,https://explore.overturemaps.org/#38b7b8be-9dce-4d79-b7de-5d2a27936bc2,2026-09-24T18:43:56+00:00,true,not_queued,,,,
lead_c7060bb1b755,retail-isb-001,Get Smart Collection,getsmartcollection.com.pk,https://getsmartcollection.com.pk/,Pakistan,Islamabad,plot no 1 Block B pak PWD housing society main road opposite London park,overture=womens_clothing_store,Facebook Instagram Tumblr Summer Sale 2026 is live now! Summer Sale 2026 is live now! Summer Sale 2026 is live now! Summer Sale 2026 is live now! Summer Sale 2026 is live now! cart search help New Arrivals Shop Ready To Wear Groom’s Wear Waist Coat Safari Suits Suits Shalwar Kameez Kids Wear Fabric ,BUYER,62,"discovery category 'overture=womens_clothing_store' matches campaign target; vendor terms in company identity: it services; buyer terms in company identity: shop; buyer terms in page text: store, showroom, clothing, fashion; buyer evidence outweighs weaker vendor mentions",15,6,85,"in target country (Pakistan); in target city (Islamabad); 4 ICP term(s) matched: shop, store, showroom, clothing; minor vendor mentions present: our clients; only a generic business mailbox is public; mobile number published (owner-level contact); ecommerce platform detected: woocommerce; buying signals: ecommerce_active; pain signals: delivery_issues",,,info@getsmartcollection.com.pk,generic,+92 321 5329984,,delivery_issues: order tracking,"ecommerce_active: add to cart, shop now",based in Islamabad; sells online; runs on woocommerce,overture,https://explore.overturemaps.org/#7d4549fe-1987-4fc9-adc4-11b2e96ee869,2026-09-24T18:44:05+00:00,true,not_queued,,,,
lead_324b2dd3734a,retail-isb-001,Peshawari Chappal Pakistan,peshawarichappals.pk,https://www.peshawarichappals.pk/,Pakistan,Islamabad,Shop no. 3، Main Lari Adda، near Shireen Corner Sweets and Bakers,overture=shoe_store,"We have perfected the art of making Men’s Peshawari Chappal, Norozi and Kaptaan Chappals and Sandals of the best quality in the world. We promise to live upto your expectations.",BUYER,65,"discovery category 'overture=shoe_store' matches campaign target; buyer terms in company identity: shop; buyer terms in page text: store, brand, fashion",15,4,85,"in target country (Pakistan); in target city (Islamabad); 4 ICP term(s) matched: shop, store, brand, fashion; mobile number published (owner-level contact); ecommerce platform detected: shopify; buying signals: ecommerce_active",,,info@peshawarichappal.pk,invalid,+92 333 574 2086,,,"ecommerce_active: shop now, free shipping",based in Islamabad; sells online; runs on shopify,overture,https://explore.overturemaps.org/#a8d57eb9-4ee4-4a8e-a7e8-deca203c2092,2026-09-24T18:44:13+00:00,false,not_queued,,,,
lead_797e35a37dcb,retail-isb-001,ZIMAYA - Luxury Dyeables,zimaya.pk,http://zimaya.pk/,Pakistan,Islamabad,T-668 KIRAN BAZZAR,overture=clothing_store,"Shop premium fashion, clothing, and accessories at Zimaya. Discover the latest trends with fast delivery across Pakistan.",BUYER,65,"discovery category 'overture=clothing_store' matches campaign target; buyer terms in company identity: store, shop, e-commerce, clothing, fashion",13,5,85,"in target country (Pakistan); in target city (Islamabad); 4 ICP term(s) matched: store, shop, e-commerce, clothing; quality notes: no https; only a generic business mailbox is public; mobile number published (owner-level contact); buying signals: ecommerce_active, operations_scale",,,care@zimaya.pk,generic,+92 300 1234567,,,"ecommerce_active: cash on delivery; operations_scale: nationwide, across pakistan",based in Islamabad; sells online; operates multiple branches/outlets,overture,https://explore.overturemaps.org/#08f5e20c-c964-404f-ac42-95544d1eb936,2026-09-24T18:45:42+00:00,true,not_queued,,,,
lead_14f17b0297fc,retail-isb-001,METRO Islamabad Store,metro.pk,https://www.metro.pk/store-locator/islamabad?utm_source=bingmaps&utm_medium=organic&utm_content=website&utm_term=islamabad,Pakistan,Islamabad,"Plot 1-A, I-11/4, Laila Road, Adjacent Railway Carriage Factory",overture=grocery_store,METRO Cash&Carry Pakistan,BUYER,62,"discovery category 'overture=grocery_store' matches campaign target; buyer terms in company identity: store, shop; buyer terms in page text: brand, e-commerce; buyer evidence outweighs weaker vendor mentions",15,2,85,"in target country (Pakistan); in target city (Islamabad); 4 ICP term(s) matched: store, shop, brand, e-commerce; minor vendor mentions present: for your business; mobile number published (owner-level contact); buying signals: hiring",,,anjumhussain.shah@metro.pk,mx_valid,0324-5000972,https://www.linkedin.com/company/metro-pakistan-pvt-limited,,hiring: careers,based in Islamabad; currently hiring,overture,https://explore.overturemaps.org/#d07562e5-06ba-404b-a642-2f7e53279dd5,2026-09-24T18:46:46+00:00,true,not_queued,,,,
lead_f13423885dc9,retail-isb-001,VelSuraWear,velsurawear.com,https://velsurawear.com/,Pakistan,Islamabad,"Ghauri Garden Lehtrar, Road",overture=clothing_store,"VelSuraWear Wear Smart & Sophisticated shop now Diverse Collection Stylish apparel for the all generations. Quality & Comfort High-quality, comfortable clothing. Trendy Designs Fashion-forward styles for all. Easy Shopping Hassle-free shopping experience. velsurawear Wear Smart & Sophisticated Velsurawear offers a curated collection of men’s, women’s, and kids’ wear, blending modern trends with timeless elegance. shop […]",BUYER,65,"discovery category 'overture=clothing_store' matches campaign target; buyer terms in company identity: shop, clothing, fashion; buyer terms in page text: store, brand",14,4,85,"in target country (Pakistan); in target city (Islamabad); 4 ICP term(s) matched: shop, clothing, fashion, store; quality notes: site copyright 2022: possibly unmaintained; only a generic business mailbox is public; mobile number published (owner-level contact); ecommerce platform detected: woocommerce; buying signals: ecommerce_active",,,info@velsurawear.com,generic,+92 300 4807134,,,"ecommerce_active: shop now, checkout",based in Islamabad; sells online; runs on woocommerce,overture,https://explore.overturemaps.org/#be713a0c-461e-4b4f-81ad-73943b054ce4,2026-09-24T18:48:14+00:00,true,not_queued,,,,
lead_04097391dbcd,retail-isb-001,Mocciani,mocciani.com.pk,https://mocciani.com.pk/,Pakistan,Islamabad,"Shop# 64/16 near Rania Mall،, Bank Rd",overture=shoe_store,"Mocciani is Pakistan’s premium shoe brand, striving to deliver the best quality and latest trends to the audience in stores and online. Our products include shoes, handbags and accessories for both men and women.",BUYER,60,"discovery category 'overture=shoe_store' matches campaign target; buyer terms in company identity: brand, shop; buyer terms in page text: store",15,7,84,"in target country (Pakistan); in target city (Islamabad); 3 ICP term(s) matched: brand, shop, store; only a generic business mailbox is public; mobile number published (owner-level contact); ecommerce platform detected: shopify; buying signals: ecommerce_active, operations_scale",,,customercare@mocciani.com.pk,generic,+92-345-111-11-27,,,ecommerce_active: checkout; operations_scale: nationwide,based in Islamabad; sells online; operates multiple branches/outlets; runs on shopify,overture,https://explore.overturemaps.org/#30ea9181-85a4-46eb-8910-52d60ac82627,2026-09-24T18:43:31+00:00,true,not_queued,,,,
lead_03614a3c7645,retail-isb-001,Shaukat Sons,shaukatsons.com,https://www.shaukatsons.com/,Pakistan,Islamabad,"Furniture Market Besides Friends Home and Inter-wood, 46 Golra Rd",overture=furniture_store,Premium furniture crafted for modern living spaces.,BUYER,57,"discovery category 'overture=furniture_store' matches campaign target; buyer terms in company identity: furniture; buyer terms in page text: brand, shop; buyer evidence outweighs weaker vendor mentions",15,8,84,"in target country (Pakistan); in target city (Islamabad); 3 ICP term(s) matched: furniture, brand, shop; minor vendor mentions present: get a quote; mobile number published (owner-level contact); young domain (0.1 y): new or recently relaunched business; buying signals: expansion, operations_scale; pain signals: customer_service_load",,,aqeel_shaukat@yahoo.com,mx_valid,+92 321 5154740,,customer_service_load: whatsapp us,"expansion: expanding; operations_scale: nationwide, across pakistan",based in Islamabad; operates multiple branches/outlets; recently expanding; takes orders over WhatsApp/DM; recently launched online,overture,https://explore.overturemaps.org/#273d8f6e-e793-4e47-9389-d00780689504,2026-09-24T18:46:00+00:00,true,not_queued,,,,
lead_5f400b2db101,retail-isb-001,English Shoes,englishshoespk.com,https://englishshoespk.com/,Pakistan,Islamabad,54A Bank Rd,overture=shoe_store,"Your one-stop shop for quality men’s and women’s footwear in Pakistan. Browse stylish sandals, slippers, and casual shoes — crafted for comfort, made for every occasion. Shop online today.",BUYER,60,"discovery category 'overture=shoe_store' matches campaign target; buyer terms in company identity: shop; buyer terms in page text: store, fashion",13,6,83,"in target country (Pakistan); in target city (Islamabad); 3 ICP term(s) matched: shop, store, fashion; mobile number published (owner-level contact); ecommerce platform detected: shopify; young domain (1.7 y): new or recently relaunched business; buying signals: ecommerce_active",,,englishshoessaddar@gmail.com,mx_valid,03328811112,,,ecommerce_active: track your order,based in Islamabad; sells online; runs on shopify; recently launched online,overture,https://explore.overturemaps.org/#9d99e6bf-3b1d-4aee-aa02-382a2ce30d53,2026-09-24T18:43:37+00:00,true,not_queued,,,,
lead_f104b496f048,retail-isb-001,Denovo Furniture,denovofurniture.pk,https://denovofurniture.pk/,Pakistan,Islamabad,"Golra Rd, opposite CMT Gate",overture=furniture_store,"Shop Denovo Furniture for premium beds, sofas, wardrobes, etc in Pakistan. Elevate your home with our stylish, durable collections.",BUYER,65,"discovery category 'overture=furniture_store' matches campaign target; buyer terms in company identity: store, brand, shop, furniture",11,4,82,"in target country (Pakistan); in target city (Islamabad); 4 ICP term(s) matched: store, brand, shop, furniture; quality notes: site copyright 2022: possibly unmaintained; only a generic business mailbox is public; mobile number published (owner-level contact); ecommerce platform detected: woocommerce; buying signals: ecommerce_active",,,admin@denovofurniture.pk,generic,+92 334 9426 220,,,"ecommerce_active: add to cart, free shipping",based in Islamabad; sells online; runs on woocommerce,overture,https://explore.overturemaps.org/#c2f239c8-d7a5-4736-92ef-51d0f64ccbef,2026-09-24T18:46:52+00:00,true,not_queued,,,,
lead_395df84b9908,retail-isb-001,YehPrint,yehprint.com,http://www.yehprint.com/,Pakistan,Islamabad,"Office # S31, Second Floor Malikabad Shopping Mall, Murree Road",overture=clothing_store,Men Event T-shirts 14th August T-shirts Political T-Shirts Imran khan T-shirts PMLN T-shirts PPP T-shirts TLP T-shirts Celebrity T-Shirts Sidhu Moose Wala T-shirts BTS T-Shirts Joker T-shirts Kids 14 August T-Shirts Kids Birthday T-shirts Baby Rompers Kids PSL T-shirts Accessories Custom Safety Vest,BUYER,60,"discovery category 'overture=clothing_store' matches campaign target; buyer terms in company identity: store; buyer terms in page text: brand, shop",11,10,82,"in target country (Pakistan); in target city (Islamabad); 3 ICP term(s) matched: store, brand, shop; quality notes: no https; mobile number published (owner-level contact); ecommerce platform detected: woocommerce; buying signals: ecommerce_active, operations_scale; pain signals: delivery_issues, customer_service_load",,,,none,0325 5070770,,delivery_issues: order tracking; customer_service_load: whatsapp us,"ecommerce_active: shop now, checkout; operations_scale: across pakistan",based in Islamabad; sells online; operates multiple branches/outlets; runs on woocommerce; takes orders over WhatsApp/DM,overture,https://explore.overturemaps.org/#08fc9cc5-828e-4d43-a4de-f8e9fb4cb4ec,2026-09-24T18:47:20+00:00,false,not_queued,,,,
lead_aac767d252a6,retail-isb-001,Mushtaq Cloth Store,mushtaq.pk,https://mushtaq.pk/,Pakistan,Islamabad,D-334 Fifth Rd، near Chaman Ice Cream,overture=clothing_store,"Welcome to the Mushtaq Cloth Store, Official designer wear multi-brand store in Pakistan. Our collection of best female clothing brands in Pakistan features the latest styles and designs to keep you looking your best. Discover the perfect Pakistani ladies dress, luxury embroidered dress to fit your style.",BUYER,65,"discovery category 'overture=clothing_store' matches campaign target; buyer terms in company identity: store, brand, clothing, fashion; buyer terms in page text: shop",13,2,82,"in target country (Pakistan); in target city (Islamabad); 4 ICP term(s) matched: store, brand, clothing, fashion; only a generic business mailbox is public; mobile number published (owner-level contact); ecommerce platform detected: shopify",,,info@mushtaq.pk,generic,92 335 7777698,,,,based in Islamabad; runs on shopify,overture,https://explore.overturemaps.org/#7980ebf5-ee6d-497a-b58f-11df5af75ddf,2026-09-24T18:47:37+00:00,true,not_queued,,,,
lead_514bc9533709,retail-isb-001,Shan O Shoukat Apparels,shanoshoukatapparels.com,https://shanoshoukatapparels.com/,Pakistan,Islamabad,C-262 Iqbal Rd,overture=womens_clothing_store,Shano Shoukat Apparels,BUYER,60,"discovery category 'overture=womens_clothing_store' matches campaign target; buyer terms in page text: store, brand, shop",13,4,81,"in target country (Pakistan); in target city (Islamabad); 3 ICP term(s) matched: store, brand, shop; mobile number published (owner-level contact); ecommerce platform detected: shopify; buying signals: ecommerce_active",,,shanoshoukatapparelspvtltd@gmail.com,mx_valid,+923209182355,,,"ecommerce_active: add to cart, shop now",based in Islamabad; sells online; runs on shopify,overture,https://explore.overturemaps.org/#3ba0a3e2-bbcf-4f39-89c8-ebf6542ca81a,2026-09-24T18:41:05+00:00,true,not_queued,,,,
lead_a87bdeaa25de,retail-isb-001,Electronics world,worldelectronics.pk,https://worldelectronics.pk/,Pakistan,Islamabad,"Raza plaza, Street no1, D.A.V. College Rd",overture=electronics_store,"WORLD ELECTRONICS Bluetooth Panther Tank Chassis Kit Arduino-based tracked tank chassis with Bluetooth control, ultrasonic sensor, servo-mounted detection, and",BUYER,60,"discovery category 'overture=electronics_store' matches campaign target; buyer terms in company identity: shop, electronics; buyer terms in page text: e-commerce",15,4,81,"in target country (Pakistan); in target city (Islamabad); 3 ICP term(s) matched: shop, electronics, e-commerce; only a generic business mailbox is public; mobile number published (owner-level contact); ecommerce platform detected: woocommerce; buying signals: ecommerce_active",,,contact@worldelectronics.pk,generic,0321-5355859,,,"ecommerce_active: add to cart, shop now",based in Islamabad; sells online; runs on woocommerce,overture,https://explore.overturemaps.org/#512cf953-8ddb-4364-a966-0d5efec65bb7,2026-09-24T18:41:40+00:00,true,not_queued,,,,
lead_2afb006e3431,retail-isb-001,Hayas Creation,hayascreation.com,https://www.hayascreation.com/,Pakistan,Islamabad,"Basement hall, House#15, lane#1 Madni town Nilore Islamabad",overture=womens_clothing_store,The Best & Unique Online Women's Clothing Store In Pakistan. At Hayascreation we have great designs of 3piece suit and frock design for Ladies. On our website you’ll have the best experience of online dress shopping.,BUYER,60,"discovery category 'overture=womens_clothing_store' matches campaign target; buyer terms in company identity: store, clothing; buyer terms in page text: fashion",15,2,81,"in target country (Pakistan); in target city (Islamabad); 3 ICP term(s) matched: store, clothing, fashion; mobile number published (owner-level contact); ecommerce platform detected: shopify",,,hayascreation.com@gmail.com,mx_valid,03445140803,,,,based in Islamabad; runs on shopify,overture,https://explore.overturemaps.org/#319974ab-5659-4f25-b292-bb7220c8e510,2026-09-24T18:47:13+00:00,true,not_queued,,,,
lead_a5696f15bfb3,retail-isb-001,Wrapitskin,wrapitskin.com,https://wrapitskin.com/,Pakistan,Islamabad,"bank, Shop No LG 9 Rania Mall, Bank Road, Saddar, Rawalpindi, Punjab, road",overture=mobile_phone_store,"WrapitSkin – Pakistan's No.1 Destination for High-Quality Skins. Discover our exclusive skins for Mobile, MacBook, Gaming Console, iPad skins & more!",BUYER,55,"discovery category 'overture=mobile_phone_store' matches campaign target; buyer terms in page text: shop, outlet",15,8,80,"in target country (Pakistan); in target city (Islamabad); 2 ICP term(s) matched: shop, outlet; only a generic business mailbox is public; mobile number published (owner-level contact); ecommerce platform detected: woocommerce; buying signals: ecommerce_active, operations_scale; pain signals: delivery_issues",,,support@wrapitskin.com,generic,+92 (312) 5585386,,delivery_issues: order tracking,ecommerce_active: shop now; operations_scale: nationwide,based in Islamabad; sells online; operates multiple branches/outlets; runs on woocommerce,overture,https://explore.overturemaps.org/#adf188ee-6f9f-4472-a91c-ccac80cc11a7,2026-09-24T18:42:52+00:00,true,not_queued,,,,
lead_c8bd820e274b,retail-isb-001,Woodistan,woodistan.com,https://woodistan.com/,Pakistan,Islamabad,"VIP, Plot No. BC-14, Street No. 2, Block, near Spire Mall",overture=furniture_store,"Handcrafted solid wooden furniture, watch boxes & home decor - made in Pakistan. Free delivery across Pakistan. Cash on delivery available.",BUYER,55,discovery category 'overture=furniture_store' matches campaign target; buyer terms in company identity: furniture; buyer terms in page text: shop,12,8,79,"in target country (Pakistan); in target city (Islamabad); 2 ICP term(s) matched: furniture, shop; mobile number published (owner-level contact); ecommerce platform detected: shopify; young domain (1.4 y): new or recently relaunched business; buying signals: ecommerce_active, operations_scale",,,woodistanstore@gmail.com,mx_valid,0328-5266301,,,ecommerce_active: track your order; operations_scale: across pakistan,based in Islamabad; sells online; operates multiple branches/outlets; runs on shopify; recently launched online,overture,https://explore.overturemaps.org/#3445d4f6-1af8-4aa3-b3dd-8d51d661c8d7,2026-09-24T18:44:57+00:00,true,not_queued,,,,
lead_51865201acde,retail-isb-001,Mustafa Khattak Fabrics,mustafakhattakfabrics.com,https://mustafakhattakfabrics.com/,Pakistan,Islamabad,"Shop no, LB-22, Rabi Center, Murree Rd",overture=clothing_store,Skip to content SHOP Sonydarti Chiffon BAREEZE KARANDI Bareeze Prints 3pc Bareeze Karandi 3PC Bareeze Karandi Mirror Work Bareeza Chiffon SHAWLS Prints SWISS Bareeze CutWork Pure Lawn 3PC SHOP Sonydarti Chiffon BAREEZE KARANDI Bareeze Prints 3pc Bareeze Karandi 3PC Bareeze Karandi Mirror Work Bareez,BUYER,55,discovery category 'overture=clothing_store' matches campaign target; buyer terms in company identity: shop; buyer terms in page text: store,15,6,79,"in target country (Pakistan); in target city (Islamabad); 2 ICP term(s) matched: shop, store; ecommerce platform detected: woocommerce; buying signals: ecommerce_active; pain signals: customer_service_load",,,mustafakhattakfabrics@gmail.com,mx_valid,023199000700,,customer_service_load: whatsapp us,ecommerce_active: free shipping,based in Islamabad; sells online; runs on woocommerce; takes orders over WhatsApp/DM,overture,https://explore.overturemaps.org/#d8232729-7dcc-477a-9c70-07c85c72a726,2026-09-24T18:47:43+00:00,true,not_queued,,,,
lead_a0cfb3635d60,retail-isb-001,King Shoes,kingshoes.com.pk,http://www.kingshoes.com.pk/,Pakistan,Islamabad,"C/120 main motibazar, Iqbal Rd, near Committee Chowk",overture=shoe_store,"DEALS Welcome to our store. For Cash on Delivery orders, kindly pay in cash only when your parcel is handed over. About Login Inventory Web 0 Home Inventory Web Hello, Guest Login / Sign Up Home All Products New Arrivals My Cart 0 Shop by Category Help & Info About Us Shipping & Delivery Exchange & ",BUYER,65,"discovery category 'overture=shoe_store' matches campaign target; vendor terms in company identity: tech solutions; buyer terms in company identity: store, shop, online store, fashion",7,2,78,"in target country (Pakistan); in target city (Islamabad); 4 ICP term(s) matched: store, shop, online store, fashion; quality notes: no https; no public contact details; mobile number published (owner-level contact); buying signals: ecommerce_active",,,kingshoes.com@gmail.com,mx_valid,+923355553968,,,"ecommerce_active: add to cart, checkout",based in Islamabad; sells online,overture,https://explore.overturemaps.org/#faf6219e-fb3a-4c3a-976b-3bdf6211c8eb,2026-09-24T18:41:03+00:00,true,not_queued,,,,
lead_68bf5af9f11e,retail-isb-001,Saeed Brothers Electronics - Electronics Whole Sale Dealers - Electronics,saeedbrotherselectronics.com,https://saeedbrotherselectronics.com/,Pakistan,Islamabad,"Shaheen Electronics Market, D.A.V. College Rd",overture=electronics_store,"Skip to content Shaheen Electronics Market, G-505-A, DAV College Road, Rawalpindi Mon–Sun, 9:30am – 8:30pm 051-5530972 WhatsApp Saeed Brothers Electronics Call WhatsApp All Products Components Modules & Sensors Arduino & Boards Project Kits Tools & Equipment Consumer Electronics Cables & Connectors ",BUYER,55,"discovery category 'overture=electronics_store' matches campaign target; buyer terms in company identity: shop, electronics",10,7,76,"in target country (Pakistan); in target city (Islamabad); 2 ICP term(s) matched: shop, electronics; quality notes: single-page site; mobile number published (owner-level contact); ecommerce platform detected: woocommerce; buying signals: ecommerce_active, operations_scale",,,saeedengineer74@gmail.com,mx_valid,0333 5530972,,,"ecommerce_active: checkout; operations_scale: nationwide, across pakistan",based in Islamabad; sells online; operates multiple branches/outlets; runs on woocommerce,overture,https://explore.overturemaps.org/#a012b86d-e7b0-47d2-b01b-f828a185ee8e,2026-09-24T18:40:20+00:00,true,not_queued,,,,
lead_aff8e0893a95,retail-isb-001,MGears.Pk,mgears.pk,https://mgears.pk/,Pakistan,Islamabad,G15 khyaban e kashmir Islamabad ,overture=shoe_store,Skip to main content Menu Search Sign in Create an Account Username or email address * Required Password * Required Log in Lost your password? Remember me 0 items Menu 0 items SHOP ALL MEN WOMEN SPORTS HIKING CASUAL Budget Deals Shop All Sports Shoes Shop All Sports Shoes Shop All Sports Shoes Shop ,BUYER,55,"discovery category 'overture=shoe_store' matches campaign target; buyer terms in company identity: brand, shop",13,4,74,"in target country (Pakistan); in target city (Islamabad); 2 ICP term(s) matched: brand, shop; only a generic business mailbox is public; mobile number published (owner-level contact); ecommerce platform detected: woocommerce; buying signals: ecommerce_active",,,cs@mgears.pk,generic,03255415830,,,"ecommerce_active: cash on delivery, track your order",based in Islamabad; sells online; runs on woocommerce,overture,https://explore.overturemaps.org/#e7f40748-7928-4002-b194-5fd266ab83d2,2026-09-24T18:40:25+00:00,true,not_queued,,,,
lead_cc52dab02f2d,retail-isb-001,TAMAAM.official,tamaam.pk,https://tamaam.pk/,Pakistan,Islamabad,saddar ,overture=grocery_store,"At Tamaam.pk, our mission is simple — to ensure everyone in Pakistan gets the opportunity to read, learn, and grow. Founded by Mohammad Ali, a passionate book",BUYER,50,discovery category 'overture=grocery_store' matches campaign target; buyer terms in company identity: shop,15,7,74,"in target country (Pakistan); in target city (Islamabad); 1 ICP term(s) matched: shop; only a generic business mailbox is public; mobile number published (owner-level contact); ecommerce platform detected: woocommerce; buying signals: ecommerce_active, operations_scale",,,info@tamaam.pk,generic,+92 327 7833098,,,"ecommerce_active: buy now, checkout; operations_scale: nationwide, across pakistan",based in Islamabad; sells online; operates multiple branches/outlets; runs on woocommerce,overture,https://explore.overturemaps.org/#bc84e2c6-d323-44ab-9a8b-9c7b5b097da6,2026-09-24T18:45:53+00:00,true,not_queued,,,,
lead_4da3f544a340,retail-isb-001,Al-Waris Traders,sdanial1991.wixsite.com,https://sdanial1991.wixsite.com/alwaris,Pakistan,Islamabad,"Murree Rd, Mohalla Amerpura",overture=furniture_store,"top of page This website was built on Wix. Create yours today. Get Started ALWARISFURNITURES Home Shop More Use tab to navigate through the menu items. INTRODUCING ALWARISFURNITURES The Best Office Furniture Store in San Francisco Since 2023, alwarisfurnitures has been working hard to serve the offi",BUYER,57,"discovery category 'overture=furniture_store' matches campaign target; buyer terms in company identity: store, shop, furniture; buyer evidence outweighs weaker vendor mentions",9,0,70,"in target country (Pakistan); in target city (Islamabad); 3 ICP term(s) matched: store, shop, furniture; quality notes: single-page site; website does not appear to belong to this company; site copyright 2020: possibly unmaintained; minor vendor mentions present: our clients; mobile number published (owner-level contact); held for review: website may belong to a different company",,,daniyal_hassan91@outlook.com,mx_valid,+923215291272,,,,based in Islamabad,overture,https://explore.overturemaps.org/#f426528f-9ea0-4948-a86a-6f5035ff89a0,2026-09-24T18:45:48+00:00,false,not_queued,,,,
lead_a3067a5b6338,retail-isb-001,Malik Electric Motor Works,goldendynamics.com,https://www.goldendynamics.com/,Pakistan,Islamabad,128-G Kashmir Road Saddar Cantt,overture=electronics_store,Toggle navigation About Products Team Archives Partners Contact GOLDEN DYNAMICS more than six decades of manufacturing industry experience under its belt! Read More At GOLDEN DYNAMICS we believe we are ideally placed to cater for most of your pumping needs whether it is for a simple mono pump for re,BUYER,55,"discovery category 'overture=electronics_store' matches campaign target; buyer terms in page text: brand, outlet",10,0,69,"in target country (Pakistan); in target city (Islamabad); 2 ICP term(s) matched: brand, outlet; quality notes: single-page site; website does not appear to belong to this company; mobile number published (owner-level contact)",,,memworks.malik@gmail.com,mx_valid,+923335295097,,,,based in Islamabad,overture,https://explore.overturemaps.org/#d9e1dbed-7dd7-4f55-a56f-d45701ca6014,2026-09-24T18:39:52+00:00,false,not_queued,,,,
lead_4de7cd88727d,retail-isb-001,eLibas,elibas.com,https://elibas.com/,Pakistan,Islamabad,"Shop # 5-C, Basement, Babar Plaza, Gorden College Rd, opposite Savour Foods",overture=womens_clothing_store,eLibas,BUYER,50,discovery category 'overture=womens_clothing_store' matches campaign target; buyer terms in company identity: shop,13,2,69,in target country (Pakistan); in target city (Islamabad); 1 ICP term(s) matched: shop; mobile number published (owner-level contact); ecommerce platform detected: shopify,,,elibasofficial@gmail.com,mx_valid,+923355764267,,,,based in Islamabad; runs on shopify,overture,https://explore.overturemaps.org/#e920198d-94fb-470b-91cf-f422c1611e93,2026-09-24T18:40:44+00:00,false,not_queued,,,,
lead_d47e8cdc9444,retail-isb-001,Saqib Mobile,saqibmobile.com,https://www.saqibmobile.com/,Pakistan,Islamabad,"3, Lower Ground Floor, Akhtar Plaza, Police Station Rd",overture=mobile_phone_store,Online Shop in Islamabad | Rawalpindi | Pakistan,BUYER,50,discovery category 'overture=mobile_phone_store' matches campaign target; buyer terms in company identity: shop,15,2,69,in target country (Pakistan); in target city (Islamabad); 1 ICP term(s) matched: shop; only a generic business mailbox is public; mobile number published (owner-level contact); buying signals: ecommerce_active,,,info@saqibmobile.com,generic,0300 8560651,,,"ecommerce_active: add to cart, checkout",based in Islamabad; sells online,overture,https://explore.overturemaps.org/#4653c963-1606-49f9-87ee-c42ce0412d65,2026-09-24T18:41:33+00:00,false,not_queued,,,,
lead_43f05d6a7112,retail-isb-001,Huawei Experience store,huawei.com,https://consumer.huawei.com/pk/,Pakistan,Islamabad,"Shop Lg 6، rania mall, Bank Rd",overture=mobile_phone_store,"Explore the latest technologies in HUAWEI smartphone, wearable, PC, tablet, audio, router. Get to know the related accessories and software applications.",BUYER,52,discovery category 'overture=mobile_phone_store' matches campaign target; vendor terms in page text: consulting; buyer terms in company identity: store; buyer terms in page text: fashion; buyer evidence outweighs weaker vendor mentions,12,0,68,"in target country (Pakistan); in target city (Islamabad); 2 ICP term(s) matched: store, fashion; quality notes: no public contact details; minor vendor mentions present: consulting; mobile number published (owner-level contact)",,,sabah.ahmedrwp@gmail.com,mx_valid,+923009135258,,,,based in Islamabad,overture,https://explore.overturemaps.org/#a3a7f173-8fb9-4ec4-a9e4-29ec9b6899e6,2026-09-24T18:43:06+00:00,false,not_queued,,,,
lead_c90edffaae6f,retail-isb-001,Sine Wave International Doors and Wardrobes,sinewaveint.com,http://www.sinewaveint.com/,Pakistan,Islamabad,"Peshawar Rd, adjacent G-15, near PSO",overture=furniture_store,"Premium custom furniture, luxury kitchens, wardrobes & engineered doors by Sine Wave Interiors. Precision CNC crafted in Islamabad for homes & hotels nationwide.",BUYER,55,discovery category 'overture=furniture_store' matches campaign target; buyer terms in company identity: furniture; buyer terms in page text: clothing,8,2,67,"in target country (Pakistan); in target city (Islamabad); 2 ICP term(s) matched: furniture, clothing; quality notes: no https; single-page site; only a generic business mailbox is public; mobile number published (owner-level contact); young domain (1.7 y): new or recently relaunched business",,,contact@sinewaveint.com,generic,0306 2227623,,,,based in Islamabad; recently launched online,overture,https://explore.overturemaps.org/#2ab59b45-2a64-4710-8d71-958ef5b82e29,2026-09-24T18:46:18+00:00,false,not_queued,,,,
lead_9b8acaa584a0,retail-isb-001,Furniture Revolution,ikanventure.com,http://www.ikanventure.com/,Pakistan,Islamabad,Madni plaza,overture=furniture_store,"Executive, Manager, Conference Tables, Work Station, Partition System, Executive , Conference room, Staff Chairs, Cabinets, General Seating, Malaysian Products",BUYER,50,discovery category 'overture=furniture_store' matches campaign target; buyer terms in company identity: furniture,13,0,65,in target country (Pakistan); in target city (Islamabad); 1 ICP term(s) matched: furniture; quality notes: no https; only a generic business mailbox is public; mobile number published (owner-level contact),,,info@ikanventure.com,generic,+92 321 5555775,,,,based in Islamabad,overture,https://explore.overturemaps.org/#766ee879-d57e-4dc1-9c60-edbb7f4b2cb7,2026-09-24T18:46:50+00:00,false,not_queued,,,,
lead_1944b03886e2,retail-isb-001,Stone Cover,stonecover.net,https://stonecover.net/,Pakistan,Islamabad,Car Chowk Rawalpindi ,overture=mens_clothing_store,"Car Chowk Rawalpindi , Rawalpindi, Pakistan info@stonecover.com +92 (300) 4000653 Home About Products/Services Rock Wall Marble Chips Coating Stucco Sand Tex Stone Hard Rollon Tramofine Adoba Fine Finish Paint & Polish All type of paint & textures White Wash Lustr Finish Weather Shield Luxury Acryli",BUYER,40,"discovery category 'overture=mens_clothing_store' matches campaign target; sells-to-businesses phrasing: our clients, trusted by, get a quote; buyer evidence outweighs weaker vendor mentions",15,2,59,"in target country (Pakistan); in target city (Islamabad); minor vendor mentions present: our clients, trusted by, get a quote; only a generic business mailbox is public; mobile number published (owner-level contact); young domain (0.4 y): new or recently relaunched business",,,info@stonecover.com,generic,+92 (300) 4000653,,,,based in Islamabad; recently launched online,overture,https://explore.overturemaps.org/#a7b78f25-0868-4c68-b234-de9121ab4e2d,2026-09-24T18:39:50+00:00,false,not_queued,,,,
lead_d2839b43c15a,retail-isb-001,Men Step,e82f49-da.myshopify.com,https://e82f49-da.myshopify.com/,Pakistan,Islamabad,"1Mart Khyber, Street 2",overture=shoe_store,,UNKNOWN,23,discovery category 'overture=shoe_store' matches campaign target; website unavailable: discovery record alone is insufficient evidence,0,0,27,in target country (Pakistan); in target city (Islamabad); company type unknown: insufficient evidence; website unreachable; quality notes: website unreachable (robots_disallowed); no public contact details; mobile number published (owner-level contact),,,onemartg15@gmail.com,mx_valid,+923135684858,,,,based in Islamabad,overture,https://explore.overturemaps.org/#31e1fe50-06b9-4fd5-9c50-cae7255749a8,2026-09-24T18:39:06+00:00,false,not_queued,,,,
lead_d892fa54a591,retail-isb-001,Jan Fabrics,fb.com,http://www.fb.com/janfabrix,Pakistan,Islamabad,"Shop 43-GF, Khattak plaza, Gorden College Rd",overture=clothing_store,,UNKNOWN,23,discovery category 'overture=clothing_store' matches campaign target; website unavailable: discovery record alone is insufficient evidence,0,0,27,in target country (Pakistan); in target city (Islamabad); company type unknown: insufficient evidence; website unreachable; quality notes: website unreachable (robots_disallowed); no public contact details; mobile number published (owner-level contact),,,janfabrics@gmail.com,mx_valid,+923115544636,,,,based in Islamabad,overture,https://explore.overturemaps.org/#38fad4e4-69c1-4212-a0c3-f1fc8b802e45,2026-09-24T18:40:05+00:00,false,not_queued,,,,
lead_1b502f505521,retail-isb-001,Ace Tech and Traders,acetechandtraders.com,https://acetechandtraders.com/,Pakistan,Islamabad,Gorden College Rd,overture=electronics_store,,UNKNOWN,23,discovery category 'overture=electronics_store' matches campaign target; website unavailable: discovery record alone is insufficient evidence,0,0,27,in target country (Pakistan); in target city (Islamabad); company type unknown: insufficient evidence; website unreachable; quality notes: website unreachable (http_error:ConnectError); no public contact details; mobile number published (owner-level contact),,,acetechnologytraders@gmail.com,mx_valid,+923070957490,,,,based in Islamabad,overture,https://explore.overturemaps.org/#665b235e-06e2-452b-ab0f-7ca9017453b4,2026-09-24T18:40:36+00:00,false,not_queued,,,,
lead_e1ff0e99f891,retail-isb-001,Unique Traders,uniquetraders.pk,http://uniquetraders.pk/,Pakistan,Islamabad,D.A.V. College Rd,overture=electronics_store,,UNKNOWN,23,discovery category 'overture=electronics_store' matches campaign target; website unavailable: discovery record alone is insufficient evidence,0,0,27,in target country (Pakistan); in target city (Islamabad); company type unknown: insufficient evidence; website unreachable; quality notes: website unreachable (http_error:ConnectError); no public contact details; mobile number published (owner-level contact),,,ik0518875@gmail.com,mx_valid,+923015580731,,,,based in Islamabad,overture,https://explore.overturemaps.org/#e6edb8d0-a395-4408-8b7c-d3d7c002b2e0,2026-09-24T18:40:46+00:00,false,not_queued,,,,
lead_ecf9f187c6a4,retail-isb-001,Fancy Cloth Centre,ali-market-clothes-and-fabric-wholesaler.business.site,https://ali-market-clothes-and-fabric-wholesaler.business.site/,Pakistan,Islamabad,B-11,overture=clothing_store,,UNKNOWN,23,discovery category 'overture=clothing_store' matches campaign target; website unavailable: discovery record alone is insufficient evidence,0,0,27,in target country (Pakistan); in target city (Islamabad); company type unknown: insufficient evidence; website unreachable; quality notes: website unreachable (status_404); no public contact details; mobile number published (owner-level contact),,,xsdeny@aol.com,mx_valid,+923009566592,,,,based in Islamabad,overture,https://explore.overturemaps.org/#24af857b-d559-4d20-96c4-7032bbed2c31,2026-09-24T18:40:49+00:00,false,not_queued,,,,
lead_2b661b22f204,retail-isb-001,Ghulam Nabi Sanitary store,gnsanitary.com,http://gnsanitary.com/,Pakistan,Islamabad,"Plaza I, 134 Iqbal Rd",overture=home_goods_store,,UNKNOWN,23,discovery category 'overture=home_goods_store' matches campaign target; buyer terms in company identity: store; website unavailable: discovery record alone is insufficient evidence,0,0,27,in target country (Pakistan); in target city (Islamabad); company type unknown: insufficient evidence; website unreachable; quality notes: website unreachable (http_error:ConnectError); no public contact details; mobile number published (owner-level contact),,,gnsanitary134@gmail.com,mx_valid,+923185855599,,,,based in Islamabad,overture,https://explore.overturemaps.org/#211ffa2e-a2e4-44ae-858a-9a9f23434e5c,2026-09-24T18:41:16+00:00,false,not_queued,,,,
lead_c04800239889,retail-isb-001,Pakeeza bridel,c-om.online,http://pakeezabridel.c-om.online/,Pakistan,Islamabad, Rawalpindi Pakistan\n,overture=fashion_boutique,,UNKNOWN,23,discovery category 'overture=fashion_boutique' matches campaign target; website unavailable: discovery record alone is insufficient evidence,0,0,27,in target country (Pakistan); in target city (Islamabad); company type unknown: insufficient evidence; website unreachable; quality notes: website unreachable (http_error:ConnectError); no public contact details; mobile number published (owner-level contact),,,mianmuhommad@gmail.com,mx_valid,+923005371910,,,,based in Islamabad,overture,https://explore.overturemaps.org/#a816b19c-9ee6-4691-85fc-0b06d0c7b654,2026-09-24T18:41:18+00:00,false,not_queued,,,,
lead_cf993d6acdfc,retail-isb-001,Groomin,groomin.pk,http://www.groomin.pk/,Pakistan,Islamabad,"GroomIn.pk , Street 3, Fazaltown Phase 2",overture=clothing_store,,UNKNOWN,23,discovery category 'overture=clothing_store' matches campaign target; website unavailable: discovery record alone is insufficient evidence,0,0,27,in target country (Pakistan); in target city (Islamabad); company type unknown: insufficient evidence; website unreachable; quality notes: website unreachable (http_error:ConnectError); no public contact details; mobile number published (owner-level contact),,,haroonahmd2@gmail.com,mx_valid,+923365600150,,,,based in Islamabad,overture,https://explore.overturemaps.org/#cf7e34dd-0460-4ab4-a870-d647b0fe83cc,2026-09-24T18:41:29+00:00,false,not_queued,,,,
lead_ac838515606b,retail-isb-001,Mobile 360,mobile360.com.pk,http://mobile360.com.pk/,Pakistan,Islamabad,"ground floor shop 2, shahbaz plaza, Bank Rd",overture=mobile_phone_store,,UNKNOWN,23,discovery category 'overture=mobile_phone_store' matches campaign target; website unavailable: discovery record alone is insufficient evidence,0,0,27,in target country (Pakistan); in target city (Islamabad); company type unknown: insufficient evidence; website unreachable; quality notes: website unreachable (http_error:ConnectError); no public contact details; mobile number published (owner-level contact),,,aliswayz1991@gmail.com,mx_valid,+923015111800,,,,based in Islamabad,overture,https://explore.overturemaps.org/#7e5cc018-5d70-46be-9c3d-530ad9cf5a43,2026-09-24T18:41:39+00:00,false,not_queued,,,,
lead_da204292db4b,retail-isb-001,VBay,vbaymart.com,http://www.vbaymart.com/,Pakistan,Islamabad,"vBay , Mezzanine Floor , M 138 , City Center , Saddar Bank Road",overture=womens_clothing_store,,UNKNOWN,23,discovery category 'overture=womens_clothing_store' matches campaign target; website unavailable: discovery record alone is insufficient evidence,0,0,27,in target country (Pakistan); in target city (Islamabad); company type unknown: insufficient evidence; website unreachable; quality notes: website unreachable (http_error:ConnectError); no public contact details; mobile number published (owner-level contact),,,vbaymart@gmail.com,mx_valid,+923061359630,,,,based in Islamabad,overture,https://explore.overturemaps.org/#9a769033-8284-4dec-9a00-215d5cff7874,2026-09-24T18:41:43+00:00,false,not_queued,,,,
lead_406d70cb2979,retail-isb-001,Noon Styles,noonstyles.business.site,https://noonstyles.business.site/?utm_source=gmb&utm_medium=referral,Pakistan,Islamabad,"Noon Styles City Centre, Bank Rd",overture=clothing_store,,UNKNOWN,23,discovery category 'overture=clothing_store' matches campaign target; website unavailable: discovery record alone is insufficient evidence,0,0,27,in target country (Pakistan); in target city (Islamabad); company type unknown: insufficient evidence; website unreachable; quality notes: website unreachable (status_404); no public contact details; mobile number published (owner-level contact),,,noonstyles1@gmail.com,mx_valid,+923303566661,,,,based in Islamabad,overture,https://explore.overturemaps.org/#1f1dea52-94a4-41be-af89-fe6e49240227,2026-09-24T18:41:47+00:00,false,not_queued,,,,
lead_e1c28e188888,retail-isb-001,4ever Collection,4evercollections.store,https://www.4evercollections.store/,Pakistan,Islamabad,"M59, mezzanine floor, city center, 4Ever Collection, Bank Rd",overture=clothing_store,,UNKNOWN,23,discovery category 'overture=clothing_store' matches campaign target; website unavailable: discovery record alone is insufficient evidence,0,0,27,in target country (Pakistan); in target city (Islamabad); company type unknown: insufficient evidence; website unreachable; quality notes: website unreachable (http_error:ConnectError); no public contact details; mobile number published (owner-level contact),,,ehazazabbasi62@gmail.com,mx_valid,+923315058545,,,,based in Islamabad,overture,https://explore.overturemaps.org/#cf37d388-7dde-4fdf-825e-35758ac88068,2026-09-24T18:41:57+00:00,false,not_queued,,,,
lead_a11494c80974,retail-isb-001,Jabeen by Wahab ali,jabeenonline.com,https://jabeenonline.com/,Pakistan,Islamabad,"City center, Bank Rd",overture=clothing_store,,UNKNOWN,23,discovery category 'overture=clothing_store' matches campaign target; website unavailable: discovery record alone is insufficient evidence,0,0,27,in target country (Pakistan); in target city (Islamabad); company type unknown: insufficient evidence; website unreachable; quality notes: website unreachable (http_error:ConnectError); no public contact details; mobile number published (owner-level contact),,,jabeenbywahabali05@gmail.com,mx_valid,+923124413339,,,,based in Islamabad,overture,https://explore.overturemaps.org/#8fe07041-3da7-476d-bc2f-957aa10a32f1,2026-09-24T18:41:59+00:00,false,not_queued,,,,
lead_3ff88781b204,retail-isb-001,Tango Dokan,tangodokan.com,http://www.tangodokan.com/,Pakistan,Islamabad,"LG 92-93, City Centre, Bank Rd",overture=clothing_store,,UNKNOWN,23,discovery category 'overture=clothing_store' matches campaign target; website unavailable: discovery record alone is insufficient evidence,0,0,27,in target country (Pakistan); in target city (Islamabad); company type unknown: insufficient evidence; website unreachable; quality notes: website unreachable (http_error:ConnectError); no public contact details; mobile number published (owner-level contact),,,tangodokan@gmail.com,mx_valid,+923133336444,,,,based in Islamabad,overture,https://explore.overturemaps.org/#8df45ef1-d4cf-40bb-ae82-77d59b0e2292,2026-09-24T18:42:09+00:00,false,not_queued,,,,
lead_bc20de57b3b5,retail-isb-001,Hamza Electronics Car Sound System and Decoration,hamzaelectronics.com,http://hamzaelectronics.com/,Pakistan,Islamabad,"Kamran Auto Market, 75-401, Kashmir Rd",overture=electronics_store,,UNKNOWN,23,discovery category 'overture=electronics_store' matches campaign target; buyer terms in company identity: electronics; website unavailable: discovery record alone is insufficient evidence,0,0,27,in target country (Pakistan); in target city (Islamabad); company type unknown: insufficient evidence; website unreachable; quality notes: website unreachable (http_error:ConnectError); no public contact details; mobile number published (owner-level contact),,,hammadm229@gmail.com,mx_valid,+923115513442,,,,based in Islamabad,overture,https://explore.overturemaps.org/#a5f870e6-d56e-4a69-9c1f-ade140a752f4,2026-09-24T18:42:17+00:00,false,not_queued,,,,
lead_3b31a6b0497f,retail-isb-001,AL-Arees,alarees.pk,https://alarees.pk/,Pakistan,Islamabad,"Shop# C-2, 2nd Floor, Gakhar Plaza, Bank Rd",overture=mens_clothing_store,,UNKNOWN,23,discovery category 'overture=mens_clothing_store' matches campaign target; website unavailable: discovery record alone is insufficient evidence,0,0,27,in target country (Pakistan); in target city (Islamabad); company type unknown: insufficient evidence; website unreachable; quality notes: website unreachable (http_error:ConnectError); no public contact details; mobile number published (owner-level contact),,,alareespakistan@gmail.com,mx_valid,+923365237780,,,,based in Islamabad,overture,https://explore.overturemaps.org/#9eb653fe-cba4-46c5-b866-228438a106e8,2026-09-24T18:42:20+00:00,false,not_queued,,,,
lead_997e48a96845,retail-isb-001,Edward Garments,edwardgarments74.com,http://www.edwardgarments74.com/,Pakistan,Islamabad,Kashmir Rd,overture=clothing_store,,UNKNOWN,23,discovery category 'overture=clothing_store' matches campaign target; website unavailable: discovery record alone is insufficient evidence,0,0,27,in target country (Pakistan); in target city (Islamabad); company type unknown: insufficient evidence; website unreachable; quality notes: website unreachable (http_error:ConnectError); no public contact details; mobile number published (owner-level contact),,,egarmentsonline@gmail.com,mx_valid,+923330333076,,,,based in Islamabad,overture,https://explore.overturemaps.org/#2cfbfa9c-891c-4e1e-b080-8241879ef64e,2026-09-24T18:42:27+00:00,false,not_queued,,,,
lead_a6deca8b15be,retail-isb-001,The Zeco Shoes,zecoshoes.com,http://ww17.zecoshoes.com/,Pakistan,Islamabad,"Shop # G7, Rizwan Arcade",overture=shoe_store,,UNKNOWN,23,discovery category 'overture=shoe_store' matches campaign target; website unavailable: discovery record alone is insufficient evidence,0,0,27,in target country (Pakistan); in target city (Islamabad); company type unknown: insufficient evidence; website unreachable; quality notes: website rejected: almost no content (44 chars); no public contact details; mobile number published (owner-level contact),,,zecoshoesoffical@gmail.com,mx_valid,+923101230004,,,,based in Islamabad,overture,https://explore.overturemaps.org/#a49e0e5c-d02a-49fa-b164-66cab07e162f,2026-09-24T18:42:55+00:00,false,not_queued,,,,
lead_65c129a1dd2f,retail-isb-001,Comfy Shoes,comfyshoesofficial.com,https://comfyshoesofficial.com/,Pakistan,Islamabad,Bank Rd,overture=shoe_store,,UNKNOWN,23,discovery category 'overture=shoe_store' matches campaign target; website unavailable: discovery record alone is insufficient evidence,0,0,27,in target country (Pakistan); in target city (Islamabad); company type unknown: insufficient evidence; website unreachable; quality notes: website unreachable (http_error:ConnectError); no public contact details; mobile number published (owner-level contact),,,comfy_shoes@yahoo.com,mx_valid,+923366676604,,,,based in Islamabad,overture,https://explore.overturemaps.org/#9c46ee3e-fbc2-478f-b286-4e74c817a3b9,2026-09-24T18:43:18+00:00,false,not_queued,,,,
lead_2986b2cccc91,retail-isb-001,AH Garments and Cloths,al-hadi-garments.business.site,https://al-hadi-garments.business.site/,Pakistan,Islamabad,"Khaanda dak, Link Rd",overture=clothing_store,,UNKNOWN,23,discovery category 'overture=clothing_store' matches campaign target; website unavailable: discovery record alone is insufficient evidence,0,0,27,in target country (Pakistan); in target city (Islamabad); company type unknown: insufficient evidence; website unreachable; quality notes: website unreachable (status_404); no public contact details; mobile number published (owner-level contact),,,nabeelinyat85@gmail.com,mx_valid,+923185839497,,,,based in Islamabad,overture,https://explore.overturemaps.org/#d0b980e6-c3c1-4477-9a87-08d2d26e51f6,2026-09-24T18:43:39+00:00,false,not_queued,,,,
lead_e290e2744fcc,retail-isb-001,Seen Fabrics,seenfabrics.business.site,http://seenfabrics.business.site/,Pakistan,Islamabad,"Shop# 10, Maqbool Plaza, Khanna Rd",overture=clothing_store,,UNKNOWN,23,discovery category 'overture=clothing_store' matches campaign target; website unavailable: discovery record alone is insufficient evidence,0,0,27,in target country (Pakistan); in target city (Islamabad); company type unknown: insufficient evidence; website unreachable; quality notes: website unreachable (status_404); no public contact details; mobile number published (owner-level contact),,,seenfabrics@gmail.com,mx_valid,+923335742953,,,,based in Islamabad,overture,https://explore.overturemaps.org/#d7bfa823-e55b-4a15-903d-58a70bf82cfa,2026-09-24T18:43:41+00:00,false,not_queued,,,,
lead_ec513b272e0d,retail-isb-001,Yousaf Brothers Furnishers,,http://www.ybf1989/,Pakistan,Islamabad,P-1024/A Asghar Mall Rd,overture=furniture_store,,UNKNOWN,23,discovery category 'overture=furniture_store' matches campaign target; website unavailable: discovery record alone is insufficient evidence,0,0,27,in target country (Pakistan); in target city (Islamabad); company type unknown: insufficient evidence; website unreachable; quality notes: website unreachable (http_error:ConnectError); no public contact details; mobile number published (owner-level contact),,,ammartariq902@gmail.com,mx_valid,+923345521315,,,,based in Islamabad,overture,https://explore.overturemaps.org/#3894ffc9-1ffe-4a49-92cb-f13aa1fa1f50,2026-09-24T18:44:10+00:00,false,not_queued,,,,
lead_be6024a69987,retail-isb-001,Jansheen,jansheen.com,http://www.jansheen.com/,Pakistan,Islamabad,"Office# 01, Al Hakim Plaza, Band Khanna Rd",overture=clothing_store,,UNKNOWN,23,discovery category 'overture=clothing_store' matches campaign target; website unavailable: discovery record alone is insufficient evidence,0,0,27,in target country (Pakistan); in target city (Islamabad); company type unknown: insufficient evidence; website unreachable; quality notes: website unreachable (http_error:ConnectError); no public contact details; mobile number published (owner-level contact),,,jansheen.official@gmail.com,mx_valid,+923364472333,,,,based in Islamabad,overture,https://explore.overturemaps.org/#4331794a-a152-4521-ad3c-a43de1eb8c2d,2026-09-24T18:44:11+00:00,false,not_queued,,,,
lead_2b9c9d7adf79,retail-isb-001,Bravo Furniture Club,bravo.com.pk,http://www.bravo.com.pk/,Pakistan,Islamabad,"Near Sweet Palace, Murree Road",overture=furniture_store,,UNKNOWN,23,discovery category 'overture=furniture_store' matches campaign target; buyer terms in company identity: furniture; website unavailable: discovery record alone is insufficient evidence,0,0,27,in target country (Pakistan); in target city (Islamabad); company type unknown: insufficient evidence; website unreachable; quality notes: website unreachable (http_error:ConnectError); no public contact details; mobile number published (owner-level contact),,,alasiftraders@gmail.com,mx_valid,+923215388153,,,,based in Islamabad,overture,https://explore.overturemaps.org/#e61f6e03-5988-4ecd-86b8-43fc72d3e613,2026-09-24T18:44:22+00:00,false,not_queued,,,,
lead_9167efa6b7ff,retail-isb-001,Raja Bazar Online,ethnicwearit.com,http://www.ethnicwearit.com/,Pakistan,Islamabad,,overture=fashion_and_apparel_store,,UNKNOWN,23,discovery category 'overture=fashion_and_apparel_store' matches campaign target; website unavailable: discovery record alone is insufficient evidence,0,0,27,in target country (Pakistan); in target city (Islamabad); company type unknown: insufficient evidence; website unreachable; quality notes: website unreachable (http_error:ConnectError); no public contact details; mobile number published (owner-level contact),,,mmsn13505@gmail.com,mx_valid,+923295030430,,,,based in Islamabad,overture,https://explore.overturemaps.org/#42f5100e-7c87-4a6e-b884-0d541d6301d5,2026-09-24T18:44:24+00:00,false,not_queued,,,,
lead_b5dba42da0a9,retail-isb-001,Badshah Furniture,badshahfurniture.com,http://www.badshahfurniture.com/,Pakistan,Islamabad,Badshah furniture House near Naaz cinema chowk muree Road Rawalpindi,overture=furniture_store,,UNKNOWN,23,discovery category 'overture=furniture_store' matches campaign target; buyer terms in company identity: furniture; website unavailable: discovery record alone is insufficient evidence,0,0,27,in target country (Pakistan); in target city (Islamabad); company type unknown: insufficient evidence; website unreachable; quality notes: website unreachable (http_error:ConnectError); no public contact details; mobile number published (owner-level contact),,,ahmed.khalid11.ak@gmail.com,mx_valid,+923100050065,,,,based in Islamabad,overture,https://explore.overturemaps.org/#2d7f034b-95d7-4b01-bc77-dec3b2c86d27,2026-09-24T18:44:31+00:00,false,not_queued,,,,
lead_00241f81ee27,retail-isb-001,Butt Electronics,careappliancespk.com,http://www.careappliancespk.com/,Pakistan,Islamabad,"Shope no 4, sarwar plaza, Murree Rd",overture=electronics_store,,UNKNOWN,23,discovery category 'overture=electronics_store' matches campaign target; buyer terms in company identity: electronics; website unavailable: discovery record alone is insufficient evidence,0,0,27,in target country (Pakistan); in target city (Islamabad); company type unknown: insufficient evidence; website unreachable; quality notes: website unreachable (http_error:ConnectError); no public contact details; mobile number published (owner-level contact),,,usmanpervaiz78@yahoo.com,mx_valid,+923008568488,,,,based in Islamabad,overture,https://explore.overturemaps.org/#996f3cb6-d491-45d9-a5d7-12203c87df28,2026-09-24T18:44:33+00:00,false,not_queued,,,,
lead_6600a22584f8,retail-isb-001,Shafqat Furnitures,shafqatfurniture.com,https://www.shafqatfurniture.com/,Pakistan,Islamabad,Band khanna road Ammarpura,overture=furniture_store,,UNKNOWN,23,discovery category 'overture=furniture_store' matches campaign target; website unavailable: discovery record alone is insufficient evidence,0,0,27,in target country (Pakistan); in target city (Islamabad); company type unknown: insufficient evidence; website unreachable; quality notes: website unreachable (http_error:ConnectError); no public contact details; mobile number published (owner-level contact),,,shah87529@gmail.com,mx_valid,+923005164558,,,,based in Islamabad,overture,https://explore.overturemaps.org/#8cfbc05f-5413-40eb-92bb-1a3a50ca38d4,2026-09-24T18:44:45+00:00,false,not_queued,,,,
lead_cb35361a75fd,retail-isb-001,Maac Mart,maacmart.com,http://maacmart.com/,Pakistan,Islamabad,(Store one) ..  Range Road qasim market  Rawalpindi.. (Store two) Bostan Road Chaklala scheme 3 Rawalpindi ( Store three) Main Double Road Soan Garden Islamabad  ,overture=grocery_store,,UNKNOWN,23,discovery category 'overture=grocery_store' matches campaign target; website unavailable: discovery record alone is insufficient evidence,0,0,27,in target country (Pakistan); in target city (Islamabad); company type unknown: insufficient evidence; website unreachable; quality notes: website unreachable (http_error:ConnectError); no public contact details; mobile number published (owner-level contact),,,maacmart@yahoo.com,mx_valid,+923005817012,,,,based in Islamabad,overture+osm,https://explore.overturemaps.org/#1254307f-2fdb-4738-8751-c998b038961c,2026-09-24T18:44:55+00:00,false,not_queued,,,,
lead_4ab57b8250ea,retail-isb-001,LABHA's Designer Wear,labhas.com,http://www.labhas.com/,Pakistan,Islamabad, Labhas Designer Wear main zari market street purana qilla,overture=fashion_boutique,,UNKNOWN,23,discovery category 'overture=fashion_boutique' matches campaign target; website unavailable: discovery record alone is insufficient evidence,0,0,27,in target country (Pakistan); in target city (Islamabad); company type unknown: insufficient evidence; website unreachable; quality notes: website unreachable (http_error:ConnectError); no public contact details; mobile number published (owner-level contact),,,rajputzeeshan502@gmail.com,mx_valid,+923335615464,,,,based in Islamabad,overture,https://explore.overturemaps.org/#b1d60c19-fedc-4d8a-a5dd-8c8742ffdf87,2026-09-24T18:45:14+00:00,false,not_queued,,,,
lead_54787e4a28bb,retail-isb-001,Al Hamd Garments,alhamdtraders.pk,http://alhamdtraders.pk/,Pakistan,Islamabad,Talwaran Bazar,overture=clothing_store,,UNKNOWN,23,discovery category 'overture=clothing_store' matches campaign target; website unavailable: discovery record alone is insufficient evidence,0,0,27,in target country (Pakistan); in target city (Islamabad); company type unknown: insufficient evidence; website unreachable; quality notes: website unreachable (http_error:ConnectError); no public contact details; mobile number published (owner-level contact),,,alhamdtraders0405@gmail.com,mx_valid,+923145387040,,,,based in Islamabad,overture,https://explore.overturemaps.org/#d2caa7a8-460c-499a-aed4-d660b09c36ab,2026-09-24T18:45:16+00:00,false,not_queued,,,,
lead_28ed2b2ee724,retail-isb-001,Soghat garments,soghat-garments.business.site,https://soghat-garments.business.site/?utm_source=gmb&utm_medium=referral,Pakistan,Islamabad,Road,overture=clothing_store,,UNKNOWN,23,discovery category 'overture=clothing_store' matches campaign target; website unavailable: discovery record alone is insufficient evidence,0,0,27,in target country (Pakistan); in target city (Islamabad); company type unknown: insufficient evidence; website unreachable; quality notes: website unreachable (status_404); no public contact details; mobile number published (owner-level contact),,,sheikhsuleman125@gmail.com,mx_valid,+923215346416,,,,based in Islamabad,overture,https://explore.overturemaps.org/#278c78f8-c4d7-4a18-89b0-117bb196f310,2026-09-24T18:45:18+00:00,false,not_queued,,,,
lead_561af3392c8d,retail-isb-001,Bata Shoe Store,theshoespot.com.pk,http://www.theshoespot.com.pk/,Pakistan,Islamabad,Raja Bazar Rd,overture=shoe_store,,UNKNOWN,23,discovery category 'overture=shoe_store' matches campaign target; buyer terms in company identity: store; website unavailable: discovery record alone is insufficient evidence,0,0,27,in target country (Pakistan); in target city (Islamabad); company type unknown: insufficient evidence; website unreachable; quality notes: website unreachable (http_error:ConnectError); no public contact details; mobile number published (owner-level contact),,,theshoespot112@gmail.com,mx_valid,+923215726080,,,,based in Islamabad,overture+osm,https://explore.overturemaps.org/#26c872dc-52d7-41bd-b9cc-72b8eae465ce,2026-09-24T18:45:24+00:00,false,not_queued,,,,
lead_b5f5f7c2b91e,retail-isb-001,Bless,bless.pk,http://bless.pk/,Pakistan,Islamabad,W-353,overture=clothing_store,,UNKNOWN,23,discovery category 'overture=clothing_store' matches campaign target; website unavailable: discovery record alone is insufficient evidence,0,0,27,in target country (Pakistan); in target city (Islamabad); company type unknown: insufficient evidence; website unreachable; quality notes: website unreachable (http_error:ConnectError); no public contact details; mobile number published (owner-level contact),,,clothingco.bless@gmail.com,mx_valid,+923070025377,,,,based in Islamabad,overture,https://explore.overturemaps.org/#e2c01699-72c2-42cd-80b4-6f27ff54ab3e,2026-09-24T18:45:27+00:00,false,not_queued,,,,
lead_8d562798a0dd,retail-isb-001,Nouman Fabrics,noumanfabrics.com,http://www.noumanfabrics.com/,Pakistan,Islamabad,"Shop 12, Al-Umer Plaza, Madina Street",overture=clothing_store,,UNKNOWN,23,discovery category 'overture=clothing_store' matches campaign target; website unavailable: discovery record alone is insufficient evidence,0,0,27,in target country (Pakistan); in target city (Islamabad); company type unknown: insufficient evidence; website unreachable; quality notes: website unreachable (http_error:ConnectError); no public contact details; mobile number published (owner-level contact),,,nouman856@gmail.com,mx_valid,+923245008140,,,,based in Islamabad,overture,https://explore.overturemaps.org/#6e7efbc8-c104-42d0-9595-cc63b539aa3b,2026-09-24T18:45:29+00:00,false,not_queued,,,,
lead_3ccc976d58cc,retail-isb-001,Rattan Furniture Point,rattanfurniturepoint.com,https://www.rattanfurniturepoint.com/,Pakistan,Islamabad,Westrage 3 Alabad road Rawalpindi Cantt.,overture=furniture_store,,UNKNOWN,23,discovery category 'overture=furniture_store' matches campaign target; buyer terms in company identity: furniture; website unavailable: discovery record alone is insufficient evidence,0,0,27,in target country (Pakistan); in target city (Islamabad); company type unknown: insufficient evidence; website unreachable; quality notes: website unreachable (http_error:ConnectError); no public contact details; mobile number published (owner-level contact),,,rattanfurniturepoint@gmil.com,mx_valid,+923038267005,,,,based in Islamabad,overture,https://explore.overturemaps.org/#508bacb0-11cc-4ff0-a71c-2ddce4f551e4,2026-09-24T18:46:04+00:00,false,not_queued,,,,
lead_57fd9a521a6a,retail-isb-001,Rang Bari,rangbari.pk,http://www.rangbari.pk/,Pakistan,Islamabad,St 4,overture=womens_clothing_store,,UNKNOWN,23,discovery category 'overture=womens_clothing_store' matches campaign target; website unavailable: discovery record alone is insufficient evidence,0,0,27,in target country (Pakistan); in target city (Islamabad); company type unknown: insufficient evidence; website unreachable; quality notes: website unreachable (blocked); no public contact details; mobile number published (owner-level contact),,,fustaan.online@gmail.com,mx_valid,+923425344520,,,,based in Islamabad,overture,https://explore.overturemaps.org/#e3770e9f-8f08-4239-9743-903c84aa7b49,2026-09-24T18:46:23+00:00,false,not_queued,,,,
lead_00f6069a204c,retail-isb-001,Grand Wood.,thegrandwood.com,https://thegrandwood.com/,Pakistan,Islamabad,"grand wood furniture, suleman town, golra road islamabad",overture=furniture_store,,UNKNOWN,23,discovery category 'overture=furniture_store' matches campaign target; website unavailable: discovery record alone is insufficient evidence,0,0,27,in target country (Pakistan); in target city (Islamabad); company type unknown: insufficient evidence; website unreachable; quality notes: website rejected: almost no content (0 chars); no public contact details; mobile number published (owner-level contact),,,mwfurniturehouse@gmail.com,mx_valid,+923105834301,,,,based in Islamabad,overture,https://explore.overturemaps.org/#b85b763f-fac3-4fec-9d0b-50405a9918b0,2026-09-24T18:46:28+00:00,false,not_queued,,,,
lead_01167cf6b0ef,retail-isb-001,Metro Furniture,metrofurniture.com.pk,https://metrofurniture.com.pk/,Pakistan,Islamabad,"Furnitur, Market, Mateen plaza, Golra Rd, opp. CMT",overture=furniture_store,,UNKNOWN,23,discovery category 'overture=furniture_store' matches campaign target; buyer terms in company identity: furniture; website unavailable: discovery record alone is insufficient evidence,0,0,27,in target country (Pakistan); in target city (Islamabad); company type unknown: insufficient evidence; website unreachable; quality notes: website unreachable (status_500); no public contact details; mobile number published (owner-level contact),,,metrofurniture.pk@gmail.com,mx_valid,+923165017422,,,,based in Islamabad,overture,https://explore.overturemaps.org/#f4116f9a-8274-4e47-966c-328bf29e61e6,2026-09-24T18:46:56+00:00,false,not_queued,,,,
lead_6c559e505bb7,retail-isb-001,Javaid Communications Mobile Repairing,javaidcom.com,http://www.javaidcom.com/,Pakistan,Islamabad,"Shop # 2,3 Basement, Danyal Plaza, 4th-B Road, Chandni Chowk Flyover",overture=mobile_phone_store,,UNKNOWN,23,discovery category 'overture=mobile_phone_store' matches campaign target; website unavailable: discovery record alone is insufficient evidence,0,0,27,in target country (Pakistan); in target city (Islamabad); company type unknown: insufficient evidence; website unreachable; quality notes: website unreachable (http_error:ConnectError); no public contact details; mobile number published (owner-level contact),,,javaidcom@gmail.com,mx_valid,+923160666666,,,,based in Islamabad,overture,https://explore.overturemaps.org/#f2745db2-8895-409d-a588-2b48b41b2bc0,2026-09-24T18:47:06+00:00,false,not_queued,,,,
lead_c4df9f3d4efd,retail-isb-001,Rabi Center,rabicenter.com,http://rabicenter.com/,Pakistan,Islamabad,"Rabi Center, Service Rd N",overture=clothing_store,,UNKNOWN,23,discovery category 'overture=clothing_store' matches campaign target; website unavailable: discovery record alone is insufficient evidence,0,0,27,in target country (Pakistan); in target city (Islamabad); company type unknown: insufficient evidence; website unreachable; quality notes: website rejected: almost no content (0 chars); no public contact details; mobile number published (owner-level contact),,,rabicenterandkhandihati@yahoo.com,mx_valid,+923215507118,,,,based in Islamabad,overture,https://explore.overturemaps.org/#9d7453cb-08e0-4471-9bb5-dc98350d968a,2026-09-24T18:47:17+00:00,false,not_queued,,,,
lead_edc1ea2c27b1,retail-isb-001,LOGO SHOES sattlite town rawalpindi,logo.com.pk,http://www.logo.com.pk/,Pakistan,Islamabad,D 685 5ft road sattlite town rawalpindi,overture=shoe_store,,UNKNOWN,23,discovery category 'overture=shoe_store' matches campaign target; website unavailable: discovery record alone is insufficient evidence,0,0,27,in target country (Pakistan); in target city (Islamabad); company type unknown: insufficient evidence; website unreachable; quality notes: website unreachable (status_200); no public contact details; mobile number published (owner-level contact),,,cmp.logo@gmail.com,mx_valid,+923205646137,,,,based in Islamabad,overture,https://explore.overturemaps.org/#31de3e2e-87ec-4833-82c8-75b4b8041756,2026-09-24T18:47:23+00:00,false,not_queued,,,,
lead_059332e76f60,retail-isb-001,Kidko - Commercial Market,kidko.pk,http://kidko.pk/,Pakistan,Islamabad,"D, Ground Floor, Muhammad Arcade, 808 Fifth Rd",overture=clothing_store,,UNKNOWN,23,discovery category 'overture=clothing_store' matches campaign target; website unavailable: discovery record alone is insufficient evidence,0,0,27,in target country (Pakistan); in target city (Islamabad); company type unknown: insufficient evidence; website unreachable; quality notes: website unreachable (status_409); no public contact details; mobile number published (owner-level contact),,,kidkopakistan@gmail.com,mx_valid,+923335164819,,,,based in Islamabad,overture,https://explore.overturemaps.org/#31dc5c56-9a8c-418d-ab49-2ed2e1da674e,2026-09-24T18:47:35+00:00,false,not_queued,,,,
lead_258f86c3b23e,retail-isb-001,CSD Shopping Complex Westridge,csd.gov.pk,http://csd.gov.pk/,Pakistan,Islamabad,"CSD Shopping Complex, Westridge Market, Near Charring Cross.",overture=grocery_store,,UNKNOWN,23,discovery category 'overture=grocery_store' matches campaign target; website unavailable: discovery record alone is insufficient evidence,0,0,26,in target country (Pakistan); in target city (Islamabad); company type unknown: insufficient evidence; website unreachable; quality notes: website unreachable (blocked); no public contact details,,,csdscwest180@gmail.com,mx_valid,+9251111273111,,,,based in Islamabad,overture+osm,https://explore.overturemaps.org/#a2994922-ba2e-4ace-b30d-76177d9d9e4e,2026-09-24T18:39:55+00:00,false,not_queued,,,,
lead_7339e9da20c5,retail-isb-001,Hamza Collection Mens Wear,hamzacollectionmenswearbytayyyab.com,https://hamzacollectionmenswearbytayyyab.com/,Pakistan,Islamabad,"ground floor, Rizwan Arcade, Adam Jee Rd",overture=clothing_store,,UNKNOWN,23,discovery category 'overture=clothing_store' matches campaign target; website unavailable: discovery record alone is insufficient evidence,0,0,26,in target country (Pakistan); in target city (Islamabad); company type unknown: insufficient evidence; website unreachable; quality notes: website unreachable (robots_disallowed); no public contact details,,,hamzacollection064@gmail.com,mx_valid,+92515120455,,,,based in Islamabad,overture,https://explore.overturemaps.org/#c95184bb-cfae-4b4c-b6fd-ec8f761ef4fd,2026-09-24T18:42:57+00:00,false,not_queued,,,,
lead_a9c601b7746f,retail-isb-001,MS Communications Parts Wala,partswala.us,http://www.partswala.us/,Pakistan,Islamabad,"Shop No LG.48 Basment, rania Mall, Bank Rd",overture=mobile_phone_store,,UNKNOWN,23,discovery category 'overture=mobile_phone_store' matches campaign target; website unavailable: discovery record alone is insufficient evidence,0,0,26,in target country (Pakistan); in target city (Islamabad); company type unknown: insufficient evidence; website unreachable; quality notes: website unreachable (blocked); no public contact details,,,saqibms@gmail.com,mx_valid,+92518440494,,,,based in Islamabad,overture,https://explore.overturemaps.org/#f095c6f8-374a-4291-a2d0-6a0b33cdedaf,2026-09-24T18:43:14+00:00,false,not_queued,,,,
lead_11444a840f65,retail-isb-001,Shoprozo,shoprozo.com,http://www.shoprozo.com/,Pakistan,Islamabad,Qasim street Iqbal town Islamabad ,overture=womens_clothing_store,,UNKNOWN,23,discovery category 'overture=womens_clothing_store' matches campaign target; website unavailable: discovery record alone is insufficient evidence,0,0,26,in target country (Pakistan); in target city (Islamabad); company type unknown: insufficient evidence; website unreachable; quality notes: website rejected: almost no content (0 chars); no public contact details,,,shoprozo70@gmail.com,mx_valid,+923706674300,,,,based in Islamabad,overture,https://explore.overturemaps.org/#0574ff65-070e-49bd-b7e5-8e6061812867,2026-09-24T18:45:31+00:00,false,not_queued,,,,
lead_93e7ef60f913,retail-isb-001,NEST Interiors Furniture,nestinteriors.com.pk,http://www.nestinteriors.com.pk/,Pakistan,Islamabad,"Mid City Shopping Mall, Murree Rd",overture=furniture_store,,UNKNOWN,23,discovery category 'overture=furniture_store' matches campaign target; buyer terms in company identity: furniture; website unavailable: discovery record alone is insufficient evidence,0,0,26,in target country (Pakistan); in target city (Islamabad); company type unknown: insufficient evidence; website unreachable; quality notes: website unreachable (http_error:ConnectError); no public contact details,,,nestsales.pk@gmail.com,mx_valid,+92514572143,,,,based in Islamabad,overture,https://explore.overturemaps.org/#5b498954-224c-4e4e-bfc9-768526718d91,2026-09-24T18:46:54+00:00,false,not_queued,,,,
lead_131b61a25228,retail-isb-001,Felco,felco.pk,http://www.felco.pk/,Pakistan,Islamabad,"Felco, Shop & 1&2, Ground Floor, Javaid Plaza, D.A.V. College Road",overture=electronics_store,,UNKNOWN,23,discovery category 'overture=electronics_store' matches campaign target; website unavailable: discovery record alone is insufficient evidence,0,0,25,in target country (Pakistan); in target city (Islamabad); company type unknown: insufficient evidence; website unreachable; quality notes: website unreachable (status_500); no public contact details; only a generic business mailbox is public; mobile number published (owner-level contact),,,sales@felco.pk,generic,+923360107475,,,,based in Islamabad,overture,https://explore.overturemaps.org/#422136e4-e51b-474e-9254-0a2e1325290d,2026-09-24T18:40:01+00:00,false,not_queued,,,,
lead_ba9e9a5d9ecf,retail-isb-001,collegeroadonline,collegeroadelectronics.com,http://www.collegeroadelectronics.com/,Pakistan,Islamabad,"Plaza, Projects Zone ,D.A.V. College Rd, Naya Mohalla TM, 1st",overture=electronics_store,,UNKNOWN,23,discovery category 'overture=electronics_store' matches campaign target; website unavailable: discovery record alone is insufficient evidence,0,0,25,in target country (Pakistan); in target city (Islamabad); company type unknown: insufficient evidence; website unreachable; quality notes: website unreachable (blocked); no public contact details; only a generic business mailbox is public; mobile number published (owner-level contact),,,sales@collegeroadelectronics.com,generic,+923155504005,,,,based in Islamabad,overture,https://explore.overturemaps.org/#73e79b6c-fd2b-4e15-b482-9d135c412fe4,2026-09-24T18:41:20+00:00,false,not_queued,,,,
lead_5bc9ef5d779c,retail-isb-001,Versature,versature.pk,https://versature.pk/,Pakistan,Islamabad,"Pump, Rawal Chowk, Main Petrol, near Hascol",overture=furniture_store,,UNKNOWN,23,discovery category 'overture=furniture_store' matches campaign target; website unavailable: discovery record alone is insufficient evidence,0,0,25,in target country (Pakistan); in target city (Islamabad); company type unknown: insufficient evidence; website unreachable; quality notes: website unreachable (robots_disallowed); no public contact details; only a generic business mailbox is public; mobile number published (owner-level contact),,,sales@versature.pk,generic,+923235365177,,,,based in Islamabad,overture,https://explore.overturemaps.org/#3d9c18d9-b6c2-45d4-b52e-55852e8234bf,2026-09-24T18:44:18+00:00,false,not_queued,,,,
lead_3a01d332626b,retail-isb-001,shazia bridal,instagram.com,https://www.instagram.com/accounts/login/?next=https%3A%2F%2Fwww.instagram.com%2Fdua_bridal_official&is_from_rle,Pakistan,Islamabad,c.145 c.145,overture=clothing_store,,UNKNOWN,23,discovery category 'overture=clothing_store' matches campaign target; website unavailable: discovery record alone is insufficient evidence,0,0,25,"in target country (Pakistan); in target city (Islamabad); company type unknown: insufficient evidence; website unreachable; quality notes: website rejected: redirects to instagram.com, which is never a company's own site; no public contact details; only a generic business mailbox is public; mobile number published (owner-level contact)",,,contact@duabridal.com,generic,+923205553737,,,,based in Islamabad,overture,https://explore.overturemaps.org/#99eb5bcc-1d11-490f-864b-59eaea060b48,2026-09-24T18:45:21+00:00,false,not_queued,,,,
lead_877e6ff8d6aa,retail-isb-001,Ayub Electronics Store,ayubelectronics.com,https://ayubelectronics.com/,Pakistan,Islamabad,"Shop-1, Main Markaz, Sector G-15.",overture=electronics_store,,UNKNOWN,23,"discovery category 'overture=electronics_store' matches campaign target; buyer terms in company identity: store, electronics; website unavailable: discovery record alone is insufficient evidence",0,0,24,in target country (Pakistan); in target city (Islamabad); company type unknown: insufficient evidence; website unreachable; quality notes: website unreachable (http_error:ConnectError); no public contact details; mobile number published (owner-level contact),,,ceo@ayubelectronics.com,invalid,+923339787867,,,,based in Islamabad,overture,https://explore.overturemaps.org/#cda7d12a-ff94-4014-a6c5-6782aaf0b6f8,2026-09-24T18:39:39+00:00,false,not_queued,,,,
lead_0cef9321eaba,retail-isb-001,Wadaan Collection,wadaan.pk,http://wadaan.pk/,Pakistan,Islamabad,"Shop B-12, Beijing Plaza, Gorden College Rd",overture=fashion_accessories_store,,UNKNOWN,23,discovery category 'overture=fashion_accessories_store' matches campaign target; website unavailable: discovery record alone is insufficient evidence,0,0,24,in target country (Pakistan); in target city (Islamabad); company type unknown: insufficient evidence; website unreachable; quality notes: website unreachable (http_error:ConnectError); no public contact details; mobile number published (owner-level contact),,,,none,+923125558322,,,,based in Islamabad,overture,https://explore.overturemaps.org/#2ce96db5-38cd-4fb7-b8e9-70d0a8829a60,2026-09-24T18:40:15+00:00,false,not_queued,,,,
lead_194a87b6441f,retail-isb-001,Subhan Lights,subhanlight.com,http://www.subhanlight.com/,Pakistan,Islamabad,"H # G388/B, St # 3 D.A.V. College Rd",overture=electronics_store,,UNKNOWN,23,discovery category 'overture=electronics_store' matches campaign target; website unavailable: discovery record alone is insufficient evidence,0,0,24,in target country (Pakistan); in target city (Islamabad); company type unknown: insufficient evidence; website unreachable; quality notes: website unreachable (http_error:ConnectError); no public contact details; mobile number published (owner-level contact),,,,none,+923335329077,,,,based in Islamabad,overture,https://explore.overturemaps.org/#9d9988ca-f90d-4559-8adc-58d37da60476,2026-09-24T18:40:23+00:00,false,not_queued,,,,
lead_a01cc76cb2ea,retail-isb-001,Artisans,artisansstore.com,http://www.artisansstore.com/,Pakistan,Islamabad,"Office # i, 29 Alam Khan Rd",overture=shoe_store,,UNKNOWN,23,discovery category 'overture=shoe_store' matches campaign target; website unavailable: discovery record alone is insufficient evidence,0,0,24,in target country (Pakistan); in target city (Islamabad); company type unknown: insufficient evidence; website unreachable; quality notes: website rejected: almost no content (0 chars); no public contact details; mobile number published (owner-level contact),,,,none,+923335717767,,,,based in Islamabad,overture,https://explore.overturemaps.org/#6c162918-faa3-4ec5-a7cd-d8b32124250a,2026-09-24T18:41:07+00:00,false,not_queued,,,,
lead_841a3918749b,retail-isb-001,Royal Electric Traders,royaletraders.com,https://royaletraders.com/,Pakistan,Islamabad,A/54 2nd floor chaudhary market city saddar road Rawalpindi,overture=electronics_store,,UNKNOWN,23,discovery category 'overture=electronics_store' matches campaign target; website unavailable: discovery record alone is insufficient evidence,0,0,24,in target country (Pakistan); in target city (Islamabad); company type unknown: insufficient evidence; website unreachable; quality notes: website rejected: almost no content (0 chars); no public contact details; mobile number published (owner-level contact),,,,none,+923150318449,,,,based in Islamabad,overture,https://explore.overturemaps.org/#c765721d-98cb-44f8-adfd-4cc6b2a915d3,2026-09-24T18:41:10+00:00,false,not_queued,,,,
lead_f083e6cc9944,retail-isb-001,Honey Bunny Kids Clothing,honeybunny.pk,http://honeybunny.pk/,Pakistan,Islamabad,Shop no#6 Block A lower Ground Ghakhar plaza,overture=childrens_clothing_store,,UNKNOWN,23,discovery category 'overture=childrens_clothing_store' matches campaign target; buyer terms in company identity: clothing; website unavailable: discovery record alone is insufficient evidence,0,0,24,in target country (Pakistan); in target city (Islamabad); company type unknown: insufficient evidence; website unreachable; quality notes: website unreachable (robots_disallowed); no public contact details; mobile number published (owner-level contact),,,,none,+923315081700,,,,based in Islamabad,overture,https://explore.overturemaps.org/#e9d5b17b-4bf5-4e0a-b54e-bf2bee96d8ef,2026-09-24T18:42:03+00:00,false,not_queued,,,,
lead_41fbf5a5dbc6,retail-isb-001,Seasons Fabrics,seasonsfabrics-by-hr.business.site,https://seasonsfabrics-by-hr.business.site/,Pakistan,Islamabad,Barkat Plaza,overture=clothing_store,,UNKNOWN,23,discovery category 'overture=clothing_store' matches campaign target; website unavailable: discovery record alone is insufficient evidence,0,0,24,in target country (Pakistan); in target city (Islamabad); company type unknown: insufficient evidence; website unreachable; quality notes: website unreachable (status_404); no public contact details; mobile number published (owner-level contact),,,,none,+923035998478,,,,based in Islamabad,overture,https://explore.overturemaps.org/#0543a557-d0f6-465e-8136-d9e9aec75f4c,2026-09-24T18:42:31+00:00,false,not_queued,,,,
lead_eda06b33dcf4,retail-isb-001,Wearly,wearly.pk,http://www.wearly.pk/,Pakistan,Islamabad,"First Floor, Rabi Center, Shop# F-34",overture=childrens_clothing_store,,UNKNOWN,23,discovery category 'overture=childrens_clothing_store' matches campaign target; website unavailable: discovery record alone is insufficient evidence,0,0,24,in target country (Pakistan); in target city (Islamabad); company type unknown: insufficient evidence; website unreachable; quality notes: website unreachable (http_error:ConnectError); no public contact details; mobile number published (owner-level contact),,,connect@wearly.pk,invalid,+923058912118,,,,based in Islamabad,overture,https://explore.overturemaps.org/#2ba834b8-11ec-48f0-8ebf-46f0a43fee66,2026-09-24T18:43:08+00:00,false,not_queued,,,,
lead_183cf27cb1c2,retail-isb-001,Rksons Collection,rksonscollection.com,https://www.rksonscollection.com/,Pakistan,Islamabad,Adam Jee Rd,overture=clothing_store,,UNKNOWN,23,discovery category 'overture=clothing_store' matches campaign target; website unavailable: discovery record alone is insufficient evidence,0,0,24,in target country (Pakistan); in target city (Islamabad); company type unknown: insufficient evidence; website unreachable; quality notes: website unreachable (http_error:ConnectError); no public contact details; mobile number published (owner-level contact),,,,none,+923155186642,,,,based in Islamabad,overture,https://explore.overturemaps.org/#4b9fbd79-5b14-4534-9236-7d9566a1945b,2026-09-24T18:43:12+00:00,false,not_queued,,,,
lead_db5c1f454e25,retail-isb-001,The Diners,thedinersshop.com,http://thedinersshop.com/,Pakistan,Islamabad,Bank Rd,overture=clothing_store,,UNKNOWN,23,discovery category 'overture=clothing_store' matches campaign target; website unavailable: discovery record alone is insufficient evidence,0,0,24,in target country (Pakistan); in target city (Islamabad); company type unknown: insufficient evidence; website unreachable; quality notes: website unreachable (http_error:ConnectError); no public contact details; mobile number published (owner-level contact),,,,none,+923330555924,,,,based in Islamabad,overture,https://explore.overturemaps.org/#5545c86f-168e-41ed-8586-cda38961969a,2026-09-24T18:43:16+00:00,false,not_queued,,,,
lead_4a581bb23fb7,retail-isb-001,Inam Furniture,inamfurniture.com,https://inamfurniture.com/,Pakistan,Islamabad,"B1 308 Kurri Rd, Sadiqabad",overture=furniture_store,,UNKNOWN,23,discovery category 'overture=furniture_store' matches campaign target; buyer terms in company identity: furniture; website unavailable: discovery record alone is insufficient evidence,0,0,24,in target country (Pakistan); in target city (Islamabad); company type unknown: insufficient evidence; website unreachable; quality notes: website unreachable (blocked); no public contact details; mobile number published (owner-level contact),,,,none,0310 0006555,,,,based in Islamabad,overture,https://explore.overturemaps.org/#39edaedb-2f13-415f-b9b6-71f9691aa84a,2026-09-24T18:43:48+00:00,false,not_queued,,,,
lead_f4b14f621434,retail-isb-001,Al Sher Group Quality Rice and Al shair group cattle farm,alshergroup.com,https://alshergroup.com/,Pakistan,Islamabad,بند کھنہ روڈ مسلم ٹاون نزد الکریم اسپتال راولپنڈی  \n,overture=grocery_store,,UNKNOWN,23,discovery category 'overture=grocery_store' matches campaign target; website unavailable: discovery record alone is insufficient evidence,0,0,24,in target country (Pakistan); in target city (Islamabad); company type unknown: insufficient evidence; website unreachable; quality notes: website rejected: placeholder site ('launching soon'); no public contact details; mobile number published (owner-level contact),,,,none,+923454367700,,,,based in Islamabad,overture,https://explore.overturemaps.org/#779eee1d-29c8-4102-bb64-41dbc4ae4e27,2026-09-24T18:44:15+00:00,false,not_queued,,,,
lead_f1a51937a969,retail-isb-001,Safa's Collection,zeenterprises.shop,http://www.zeenterprises.shop/,Pakistan,Islamabad,BB-398/D St 7 karimpura,overture=clothing_store,,UNKNOWN,23,discovery category 'overture=clothing_store' matches campaign target; website unavailable: discovery record alone is insufficient evidence,0,0,24,in target country (Pakistan); in target city (Islamabad); company type unknown: insufficient evidence; website unreachable; quality notes: website unreachable (robots_disallowed); no public contact details; mobile number published (owner-level contact),,,,none,+923390091985,,,,based in Islamabad,overture,https://explore.overturemaps.org/#ac4cf38e-9228-4a11-9bd1-0f7c698d5d9a,2026-09-24T18:44:21+00:00,false,not_queued,,,,
lead_1f211b807b2c,retail-isb-001,Zari Khussa Mehal,zarikhussamehal.com,http://www.zarikhussamehal.com/,Pakistan,Islamabad,"N309, Murree Rd",overture=shoe_store,,UNKNOWN,23,discovery category 'overture=shoe_store' matches campaign target; website unavailable: discovery record alone is insufficient evidence,0,0,24,in target country (Pakistan); in target city (Islamabad); company type unknown: insufficient evidence; website unreachable; quality notes: website unreachable (http_error:ConnectError); no public contact details; mobile number published (owner-level contact),,,,none,+923175511937,,,,based in Islamabad,overture,https://explore.overturemaps.org/#4addfbcf-f34d-46af-9357-bff45ca5093f,2026-09-24T18:45:06+00:00,false,not_queued,,,,
lead_2c74b1a21e36,retail-isb-001,Billay Di Hatti,kapraay.com,http://www.kapraay.com/,Pakistan,Islamabad,"Shop No 520, Main Allahabad Rd",overture=clothing_store,,UNKNOWN,23,discovery category 'overture=clothing_store' matches campaign target; website unavailable: discovery record alone is insufficient evidence,0,0,24,in target country (Pakistan); in target city (Islamabad); company type unknown: insufficient evidence; website unreachable; quality notes: website unreachable (http_error:ConnectError); no public contact details; mobile number published (owner-level contact),,,,none,+923364787139,,,,based in Islamabad,overture,https://explore.overturemaps.org/#79ea9880-a771-4cd7-a56c-c8748fcfc05d,2026-09-24T18:45:40+00:00,false,not_queued,,,,
lead_64c100e4bd6e,retail-isb-001,Office Max Home Furniture,officemax.com.pk,http://www.officemax.com.pk/,Pakistan,Islamabad,Golra Rd,overture=furniture_store,,UNKNOWN,23,discovery category 'overture=furniture_store' matches campaign target; buyer terms in company identity: furniture; website unavailable: discovery record alone is insufficient evidence,0,0,24,in target country (Pakistan); in target city (Islamabad); company type unknown: insufficient evidence; website unreachable; quality notes: website unreachable (http_error:ConnectError); no public contact details; mobile number published (owner-level contact),,,,none,+923215508429,,,,based in Islamabad,overture,https://explore.overturemaps.org/#77738e96-edff-49cb-86dd-5cbfbb36940e,2026-09-24T18:46:21+00:00,false,not_queued,,,,
lead_73435b367e3a,retail-isb-001,Ahmis,alhaiqa.pk,https://www.alhaiqa.pk/,Pakistan,Islamabad,"Shop no lg 47, Malikabad plaza",overture=childrens_clothing_store,,UNKNOWN,23,discovery category 'overture=childrens_clothing_store' matches campaign target; website unavailable: discovery record alone is insufficient evidence,0,0,24,in target country (Pakistan); in target city (Islamabad); company type unknown: insufficient evidence; website unreachable; quality notes: website unreachable (http_error:ConnectError); no public contact details; mobile number published (owner-level contact),,,care@alhaiqa.pk,invalid,+923170159178,,,,based in Islamabad,overture,https://explore.overturemaps.org/#90bf2da2-ae73-4fa7-a5f6-8338ca506917,2026-09-24T18:47:15+00:00,false,not_queued,,,,
lead_46704864f135,retail-isb-001,La Casa Del Jean,lacasadeljean.pk,https://lacasadeljean.pk/,Pakistan,Islamabad,"First floor, Malikabad Shopping Mall, F-155/56",overture=clothing_store,,UNKNOWN,23,discovery category 'overture=clothing_store' matches campaign target; website unavailable: discovery record alone is insufficient evidence,0,0,24,in target country (Pakistan); in target city (Islamabad); company type unknown: insufficient evidence; website unreachable; quality notes: website unreachable (http_error:ConnectError); no public contact details; mobile number published (owner-level contact),,,info@lacasadeljean.pk,invalid,+923453020463,,,,based in Islamabad,overture,https://explore.overturemaps.org/#464e0278-ae6f-4bb4-a088-6f0d965660b9,2026-09-24T18:47:33+00:00,false,not_queued,,,,
lead_eaf1f114b2da,retail-isb-001,Navidwasim,navidwasim.com,https://navidwasim.com/,Pakistan,Islamabad,"Shop no 3,4 Basement Barkat Plaza Bank road ",overture=fashion_accessories_store,,UNKNOWN,23,discovery category 'overture=fashion_accessories_store' matches campaign target; website unavailable: discovery record alone is insufficient evidence,0,0,23,in target country (Pakistan); in target city (Islamabad); company type unknown: insufficient evidence; website unreachable; quality notes: website rejected: placeholder site ('coming soon'); no public contact details; no usable email,,,,none,,,,,based in Islamabad,overture,https://explore.overturemaps.org/#1602a904-66c3-4e14-8370-77d5ea865a87,2026-09-24T18:39:29+00:00,false,not_queued,,,,
lead_0853a1a577e6,retail-isb-001,Living Standards,thelivingstandards.com,http://www.thelivingstandards.com/,Pakistan,Islamabad,A، 97 City-Sadar Road، opposite Taj Mahal Market,overture=furniture_store,,UNKNOWN,23,discovery category 'overture=furniture_store' matches campaign target; website unavailable: discovery record alone is insufficient evidence,0,0,23,in target country (Pakistan); in target city (Islamabad); company type unknown: insufficient evidence; website unreachable; quality notes: website unreachable (http_error:ConnectError); no public contact details; no usable email,,,,none,+92518733973,,,,based in Islamabad,overture,https://explore.overturemaps.org/#284e18f0-8862-4f55-b91c-0914f60b0d07,2026-09-24T18:40:03+00:00,false,not_queued,,,,
lead_66c61defd681,retail-isb-001,College Road Electronics Store,colgroad.com,http://www.colgroad.com/,Pakistan,Islamabad,"Shop#11, Basement, Azhar shaheed Plaza, D.A.V. College Rd, Naya Mohalla",overture=electronics_store,,UNKNOWN,23,"discovery category 'overture=electronics_store' matches campaign target; buyer terms in company identity: store, electronics; website unavailable: discovery record alone is insufficient evidence",0,0,23,in target country (Pakistan); in target city (Islamabad); company type unknown: insufficient evidence; website unreachable; quality notes: website unreachable (blocked); no public contact details; no usable email,,,,none,0515762135,,,,based in Islamabad,overture,https://explore.overturemaps.org/#fc87c9fe-eac9-4111-bb1b-53786c0f31b2,2026-09-24T18:40:27+00:00,false,not_queued,,,,
lead_5e95bc41a23d,retail-isb-001,Rollover Kids Company,couturekids.com.pk,http://www.couturekids.com.pk/,Pakistan,Islamabad,Shop No 3 Lower Ground Bank Road Ghakar Plaza,overture=childrens_clothing_store,,UNKNOWN,23,discovery category 'overture=childrens_clothing_store' matches campaign target; website unavailable: discovery record alone is insufficient evidence,0,0,23,in target country (Pakistan); in target city (Islamabad); company type unknown: insufficient evidence; website unreachable; quality notes: website unreachable (http_error:ConnectError); no public contact details; no usable email,,,,none,+92515123056,,,,based in Islamabad,overture,https://explore.overturemaps.org/#06ebb33a-d90e-4264-ac3c-373ecf736db6,2026-09-24T18:41:55+00:00,false,not_queued,,,,
lead_c7cd1b4fae06,retail-isb-001,MONARK,monarcys.com,https://www.monarcys.com/,Pakistan,Islamabad,"1st floor shop no#04, Madison square, Mall Rd",overture=clothing_store,,UNKNOWN,23,discovery category 'overture=clothing_store' matches campaign target; website unavailable: discovery record alone is insufficient evidence,0,0,23,in target country (Pakistan); in target city (Islamabad); company type unknown: insufficient evidence; website unreachable; quality notes: website unreachable (http_error:ConnectError); no public contact details; no usable email,,,info@monarcys.com,invalid,+92518484483,,,,based in Islamabad,overture,https://explore.overturemaps.org/#f20639dc-d69f-4cc4-8666-0ada301b29f4,2026-09-24T18:42:48+00:00,false,not_queued,,,,
lead_690eaaa4c25a,retail-isb-001,The Genuine ShopStop,thegenuineshopstop.com,https://www.thegenuineshopstop.com/,Pakistan,Islamabad,"Office F309, 4th Floor, Gulberg Business Centre, Main Avenue",overture=clothing_store,,UNKNOWN,23,discovery category 'overture=clothing_store' matches campaign target; website unavailable: discovery record alone is insufficient evidence,0,0,23,in target country (Pakistan); in target city (Islamabad); company type unknown: insufficient evidence; website unreachable; quality notes: website unreachable (http_error:ConnectError); no public contact details; no usable email,,,orders@thegenuineshopstop.com,invalid,+92515913538,,,,based in Islamabad,overture,https://explore.overturemaps.org/#6a2e15a2-6bb0-41ff-b59b-c7e2f1d6c2d1,2026-09-24T18:43:35+00:00,false,not_queued,,,,
lead_4655526cedd2,retail-isb-001,Devori,devori.co.uk,http://devori.co.uk/,Pakistan,Islamabad,"Al-Mustafa Plaza, Murree Rd",overture=clothing_store,,UNKNOWN,23,discovery category 'overture=clothing_store' matches campaign target; website unavailable: discovery record alone is insufficient evidence,0,0,23,in target country (Pakistan); in target city (Islamabad); company type unknown: insufficient evidence; website unreachable; quality notes: website unreachable (http_error:ConnectError); no public contact details; no usable email,,,,none,+92514927288,,,,based in Islamabad,overture,https://explore.overturemaps.org/#68d4ff62-1dde-42e0-bb27-747efd8a1e9a,2026-09-24T18:43:58+00:00,false,not_queued,,,,
lead_47aa8a6e6ce3,retail-isb-001,MS Fabrics,ms-fabrics-clothing-store.business.site,https://ms-fabrics-clothing-store.business.site/,Pakistan,Islamabad,"Shop 68, Makkah cloth market",overture=clothing_store,,UNKNOWN,23,discovery category 'overture=clothing_store' matches campaign target; website unavailable: discovery record alone is insufficient evidence,0,0,23,in target country (Pakistan); in target city (Islamabad); company type unknown: insufficient evidence; website unreachable; quality notes: website unreachable (status_404); no public contact details; no usable email,,,,none,+92515552661,,,,based in Islamabad,overture,https://explore.overturemaps.org/#71c02d7e-12cc-42ba-9c74-8b656d137786,2026-09-24T18:45:12+00:00,false,not_queued,,,,
lead_ada30b7d61cd,retail-isb-001,Rano Traders,ranotraders.com,http://ranotraders.com/,Pakistan,Islamabad,"Dhok Hassu Bara Chowk, near MCB Bank",overture=electronics_store,,UNKNOWN,23,discovery category 'overture=electronics_store' matches campaign target; website unavailable: discovery record alone is insufficient evidence,0,0,23,in target country (Pakistan); in target city (Islamabad); company type unknown: insufficient evidence; website unreachable; quality notes: website unreachable (http_error:ConnectError); no public contact details; no usable email,,,,none,+92515181936,,,,based in Islamabad,overture,https://explore.overturemaps.org/#29a2fc46-87e7-46e1-ab14-682785729b7c,2026-09-24T18:45:55+00:00,false,not_queued,,,,
lead_e32c7a713911,retail-isb-001,Cleanzo,cleanzo.com.pk,http://www.cleanzo.com.pk/,Pakistan,Islamabad,St 4,overture=home_goods_store,,UNKNOWN,23,discovery category 'overture=home_goods_store' matches campaign target; website unavailable: discovery record alone is insufficient evidence,0,0,23,in target country (Pakistan); in target city (Islamabad); company type unknown: insufficient evidence; website unreachable; quality notes: website unreachable (http_error:ConnectError); no public contact details; no usable email,,,,none,+92515139263,,,,based in Islamabad,overture,https://explore.overturemaps.org/#7aadb2de-63a9-46bc-ad9b-2e0ceb6d54c1,2026-09-24T18:46:08+00:00,false,not_queued,,,,
